session_id,customer_id,ticket_in,ticket_out,session_loss,jackpot_contribution,timestamp
221db7d7,CUST_1000,103.96,35.48,68.48,5.2,2024-04-23 05:36:00
8c1eabf3,CUST_1000,67.15,2.57,64.58,3.36,2024-04-26 07:51:00
d13e1eee,CUST_1000,140.17,134.19,5.98,7.01,2024-04-23 19:16:00
6bbcfbf8,CUST_1000,53.61,37.27,16.34,2.68,2024-05-01 17:51:00
95a7e59d,CUST_1000,177.69,29.53,148.16,8.88,2024-05-19 03:03:00
e61cc3db,CUST_1000,137.75,136.46,1.29,6.89,2024-04-24 02:46:00
6d829849,CUST_1000,189.7,52.39,137.31,9.48,2024-05-19 04:06:00
fe2502d1,CUST_1001,216.24,191.49,24.75,10.81,2024-05-02 16:52:00
0a9575c2,CUST_1001,135.03,87.54,47.49,6.75,2024-05-15 05:20:00
8789ebd0,CUST_1001,117.23,23.61,93.62,5.86,2024-04-20 05:36:00
afe2beaf,CUST_1001,68.95,25.33,43.62,3.45,2024-04-21 06:26:00
6e60a807,CUST_1001,142.78,11.27,131.51,7.14,2024-05-15 13:01:00
932a4c0e,CUST_1002,269.35,162.6,106.75,13.47,2024-05-12 10:31:00
209b17ac,CUST_1002,184.45,182.31,2.14,9.22,2024-05-07 03:45:00
a73aed53,CUST_1002,297.91,56.95,240.96,14.9,2024-05-14 06:02:00
17490657,CUST_1002,164.72,80.0,84.72,8.24,2024-05-15 15:17:00
6ac6527c,CUST_1002,252.56,58.14,194.42,12.63,2024-05-07 05:54:00
140d0427,CUST_1002,158.52,64.99,93.53,7.93,2024-05-12 00:16:00
020ff8c9,CUST_1002,232.06,94.67,137.39,11.6,2024-05-12 04:17:00
50487e26,CUST_1002,288.54,73.98,214.56,14.43,2024-05-02 16:28:00
e54b6590,CUST_1003,164.35,146.03,18.32,8.22,2024-05-18 15:19:00
f012a1fd,CUST_1003,101.11,72.32,28.79,5.06,2024-04-23 21:28:00
8b61beb5,CUST_1003,272.99,63.46,209.53,13.65,2024-04-29 07:11:00
c04bc69b,CUST_1003,108.74,104.93,3.81,5.44,2024-05-03 13:47:00
4cbb6aa7,CUST_1003,125.16,119.73,5.43,6.26,2024-05-03 20:40:00
730242d6,CUST_1003,167.04,24.99,142.05,8.35,2024-04-26 21:48:00
deccd453,CUST_1003,283.66,39.77,243.89,14.18,2024-04-24 16:19:00
f5108e52,CUST_1004,67.64,13.31,54.33,3.38,2024-05-07 17:33:00
34b6e2f8,CUST_1004,186.75,87.89,98.86,9.34,2024-05-19 08:59:00
a4bcac6c,CUST_1004,290.03,225.64,64.39,14.5,2024-05-05 18:15:00
2ba0f176,CUST_1004,191.97,15.71,176.26,9.6,2024-04-21 07:42:00
9ee5140b,CUST_1004,297.01,224.96,72.05,14.85,2024-04-22 08:02:00
52af92e7,CUST_1004,111.52,45.48,66.04,5.58,2024-05-16 22:31:00
a5e19229,CUST_1005,147.96,79.07,68.89,7.4,2024-05-09 12:29:00
bd55ba12,CUST_1005,253.97,253.33,0.64,12.7,2024-05-12 15:27:00
0b2c6faf,CUST_1005,112.23,89.23,23.0,5.61,2024-04-23 04:40:00
ace3fa87,CUST_1005,159.29,64.58,94.71,7.96,2024-04-28 00:45:00
284748fc,CUST_1005,242.58,156.41,86.17,12.13,2024-05-05 15:21:00
54ed7e86,CUST_1005,252.42,147.94,104.48,12.62,2024-04-22 11:03:00
1af20096,CUST_1006,250.51,144.64,105.87,12.53,2024-05-18 06:45:00
f48c5919,CUST_1006,236.98,119.96,117.02,11.85,2024-05-18 17:48:00
66539f9d,CUST_1006,53.95,48.44,5.51,2.7,2024-05-14 23:19:00
652e5f91,CUST_1006,297.04,205.18,91.86,14.85,2024-05-04 09:27:00
737400c5,CUST_1006,142.9,120.79,22.11,7.15,2024-05-02 09:31:00
057c49b2,CUST_1006,63.2,56.36,6.84,3.16,2024-04-28 22:43:00
81d97ed3,CUST_1007,217.95,114.25,103.7,10.9,2024-05-02 13:07:00
243becff,CUST_1007,161.78,135.41,26.37,8.09,2024-05-12 02:20:00
7206be16,CUST_1007,121.51,50.62,70.89,6.08,2024-05-18 10:15:00
d585dfe1,CUST_1007,258.47,48.38,210.09,12.92,2024-04-28 04:50:00
44895b3d,CUST_1007,95.63,6.88,88.75,4.78,2024-05-03 07:09:00
c8ab8e3a,CUST_1007,216.84,48.42,168.42,10.84,2024-04-20 19:14:00
881003cf,CUST_1008,135.85,133.03,2.82,6.79,2024-05-10 13:13:00
b989fdb8,CUST_1008,50.62,45.01,5.61,2.53,2024-05-09 05:00:00
1db04e70,CUST_1008,69.42,24.12,45.3,3.47,2024-05-02 21:27:00
c29e243a,CUST_1008,269.54,4.11,265.43,13.48,2024-05-11 19:41:00
a0b4511f,CUST_1008,264.12,239.82,24.3,13.21,2024-05-01 10:44:00
e7e2c4bc,CUST_1008,191.68,13.67,178.01,9.58,2024-05-05 14:09:00
773accd4,CUST_1008,117.43,98.58,18.85,5.87,2024-05-04 00:25:00
2d177914,CUST_1009,268.55,90.29,178.26,13.43,2024-04-26 06:02:00
c28f521b,CUST_1009,281.7,83.01,198.69,14.09,2024-04-22 19:08:00
6aa995b6,CUST_1009,269.83,101.53,168.3,13.49,2024-05-11 12:00:00
84ebfb0e,CUST_1009,63.44,2.12,61.32,3.17,2024-04-28 16:56:00
987e2a14,CUST_1009,66.22,34.97,31.25,3.31,2024-04-28 23:46:00
ae03d572,CUST_1009,180.41,106.34,74.07,9.02,2024-05-09 07:57:00
21656a07,CUST_1009,83.75,1.0,82.75,4.19,2024-05-05 15:28:00
1e21521c,CUST_1009,167.51,32.64,134.87,8.38,2024-04-28 00:48:00
08eaeb6e,CUST_1010,113.43,39.96,73.47,5.67,2024-04-28 07:51:00
2faed9f7,CUST_1010,102.46,65.0,37.46,5.12,2024-04-24 07:29:00
bb4a08fe,CUST_1010,70.87,57.04,13.83,3.54,2024-04-25 16:00:00
28e3fb6c,CUST_1010,212.71,199.28,13.43,10.64,2024-05-17 01:26:00
7cfdfde8,CUST_1010,243.79,59.47,184.32,12.19,2024-05-09 11:03:00
0a498e47,CUST_1010,299.82,114.63,185.19,14.99,2024-05-09 23:36:00
99d1e46a,CUST_1011,180.91,8.91,172.0,9.05,2024-04-21 12:56:00
773ab1b0,CUST_1011,261.16,229.32,31.84,13.06,2024-04-28 20:52:00
3e366386,CUST_1011,291.69,159.77,131.92,14.58,2024-04-28 11:15:00
14ec528d,CUST_1011,176.41,75.4,101.01,8.82,2024-04-28 00:40:00
931c6d78,CUST_1011,175.45,50.18,125.27,8.77,2024-05-15 03:13:00
e5e99b2a,CUST_1011,114.44,71.26,43.18,5.72,2024-04-21 04:06:00
c109bed2,CUST_1012,261.65,90.22,171.43,13.08,2024-04-27 08:00:00
67a5652a,CUST_1012,192.55,118.22,74.33,9.63,2024-04-22 12:28:00
e8038a04,CUST_1012,219.69,82.12,137.57,10.98,2024-05-10 21:53:00
ebcc4ca3,CUST_1012,263.91,226.72,37.19,13.2,2024-05-06 22:05:00
ac378695,CUST_1012,225.74,211.46,14.28,11.29,2024-04-30 04:00:00
f6c7da95,CUST_1012,206.83,141.94,64.89,10.34,2024-05-16 15:40:00
fe7ab85d,CUST_1013,152.78,88.48,64.3,7.64,2024-04-25 23:23:00
172dd493,CUST_1013,53.66,40.23,13.43,2.68,2024-04-23 17:27:00
396b71a5,CUST_1013,70.44,3.84,66.6,3.52,2024-04-30 20:54:00
1a3ee5cf,CUST_1013,240.55,32.94,207.61,12.03,2024-04-21 06:53:00
d3016cc5,CUST_1013,129.73,43.45,86.28,6.49,2024-04-24 15:35:00
b55bdd8a,CUST_1014,170.79,142.11,28.68,8.54,2024-04-25 14:19:00
fa1a9bf3,CUST_1014,107.1,30.85,76.25,5.36,2024-04-30 05:46:00
4b0dadd0,CUST_1014,78.4,58.86,19.54,3.92,2024-05-19 16:50:00
e5e0a448,CUST_1014,258.89,131.59,127.3,12.94,2024-04-21 20:45:00
e6e2641b,CUST_1014,278.03,27.06,250.97,13.9,2024-05-16 06:02:00
4bbe36f9,CUST_1015,92.23,81.66,10.57,4.61,2024-04-27 21:40:00
cfd0a8ee,CUST_1015,140.3,100.36,39.94,7.02,2024-04-21 08:50:00
b1a2da20,CUST_1015,221.93,202.37,19.56,11.1,2024-05-14 00:46:00
7552a0a9,CUST_1015,186.86,160.59,26.27,9.34,2024-05-15 15:55:00
59631a3a,CUST_1015,269.3,245.02,24.28,13.47,2024-05-08 05:21:00
c7d726ff,CUST_1015,280.21,89.47,190.74,14.01,2024-05-07 18:55:00
fedfff06,CUST_1015,250.44,106.02,144.42,12.52,2024-05-12 08:19:00
888dfdb0,CUST_1016,126.57,114.82,11.75,6.33,2024-04-26 02:38:00
8d905631,CUST_1016,125.13,105.72,19.41,6.26,2024-05-15 02:22:00
3fc1c91d,CUST_1016,54.27,42.42,11.85,2.71,2024-05-17 10:07:00
8a103e2e,CUST_1016,98.15,54.9,43.25,4.91,2024-05-03 01:25:00
0e3914b8,CUST_1016,55.42,28.38,27.04,2.77,2024-05-05 13:43:00
4580930f,CUST_1016,58.72,36.58,22.14,2.94,2024-04-21 21:50:00
861c4906,CUST_1017,244.98,191.43,53.55,12.25,2024-05-04 20:39:00
471fd1dd,CUST_1017,94.1,9.18,84.92,4.71,2024-04-22 17:14:00
fe50be05,CUST_1017,162.31,29.57,132.74,8.12,2024-04-22 05:19:00
418fd7f6,CUST_1017,82.14,48.96,33.18,4.11,2024-04-24 18:14:00
12065d20,CUST_1017,266.27,108.75,157.52,13.31,2024-05-07 23:16:00
e477118b,CUST_1017,139.84,67.46,72.38,6.99,2024-05-09 00:09:00
f991fb39,CUST_1017,141.2,99.26,41.94,7.06,2024-04-28 13:27:00
e6dc5d57,CUST_1018,144.55,51.11,93.44,7.23,2024-04-22 01:55:00
1e3ba01a,CUST_1018,189.52,12.73,176.79,9.48,2024-05-03 17:10:00
a45781e8,CUST_1018,212.36,126.38,85.98,10.62,2024-05-06 09:22:00
3f8a9e37,CUST_1018,256.47,57.95,198.52,12.82,2024-05-17 00:55:00
877240d6,CUST_1018,190.07,142.58,47.49,9.5,2024-04-23 22:47:00
8cc44608,CUST_1018,116.23,109.92,6.31,5.81,2024-04-20 21:26:00
af1df7bf,CUST_1019,208.01,171.94,36.07,10.4,2024-05-16 10:35:00
32a85abb,CUST_1019,51.16,48.51,2.65,2.56,2024-04-22 13:20:00
efc0b8b1,CUST_1019,169.55,167.47,2.08,8.48,2024-05-12 01:03:00
45677e28,CUST_1019,158.56,145.85,12.71,7.93,2024-05-04 09:46:00
9f8728f6,CUST_1019,219.48,204.52,14.96,10.97,2024-05-06 22:10:00
6b626b0b,CUST_1019,283.3,119.29,164.01,14.17,2024-05-07 18:03:00
5cea5a20,CUST_1019,298.07,185.28,112.79,14.9,2024-05-01 01:08:00
5d7f10e4,CUST_1020,154.39,20.23,134.16,7.72,2024-04-20 13:27:00
d24d5e52,CUST_1020,130.94,19.39,111.55,6.55,2024-05-16 15:54:00
9d3a0520,CUST_1020,254.91,80.12,174.79,12.75,2024-05-18 01:29:00
08698a8e,CUST_1020,247.58,22.82,224.76,12.38,2024-05-03 04:58:00
6fa0e13b,CUST_1020,84.98,3.59,81.39,4.25,2024-04-24 19:08:00
76099ed0,CUST_1020,131.16,125.17,5.99,6.56,2024-04-20 16:46:00
2f162248,CUST_1020,204.68,164.94,39.74,10.23,2024-04-27 19:54:00
ea9a2b14,CUST_1021,187.77,150.14,37.63,9.39,2024-05-05 16:32:00
2fb170c4,CUST_1021,50.86,40.58,10.28,2.54,2024-04-27 09:27:00
7189449c,CUST_1021,129.3,28.23,101.07,6.47,2024-05-12 01:23:00
b6f8764f,CUST_1021,191.68,21.92,169.76,9.58,2024-05-14 03:42:00
314e86ad,CUST_1021,297.62,266.72,30.9,14.88,2024-04-29 21:15:00
4d29cec5,CUST_1021,268.65,108.21,160.44,13.43,2024-04-23 05:09:00
9568e0ac,CUST_1021,281.69,73.09,208.6,14.08,2024-04-27 16:54:00
844d7540,CUST_1021,134.68,95.7,38.98,6.73,2024-05-02 11:11:00
35a77b9d,CUST_1022,101.22,81.54,19.68,5.06,2024-05-07 02:33:00
c491663a,CUST_1022,190.79,171.0,19.79,9.54,2024-05-02 20:57:00
61d02f04,CUST_1022,108.85,23.53,85.32,5.44,2024-05-07 18:19:00
4c23a637,CUST_1022,248.18,140.37,107.81,12.41,2024-05-17 10:35:00
bc1ac8be,CUST_1022,157.22,10.91,146.31,7.86,2024-05-10 15:40:00
756994ea,CUST_1023,296.51,63.93,232.58,14.83,2024-05-01 08:45:00
e5002245,CUST_1023,262.81,85.85,176.96,13.14,2024-05-05 17:08:00
9a08f106,CUST_1023,252.56,24.81,227.75,12.63,2024-05-12 00:05:00
a7440cf0,CUST_1023,199.83,111.39,88.44,9.99,2024-05-17 16:07:00
7a8ba09c,CUST_1023,271.36,123.0,148.36,13.57,2024-05-15 17:14:00
4e08ae24,CUST_1024,94.23,18.31,75.92,4.71,2024-05-15 17:06:00
8729e804,CUST_1024,161.91,90.51,71.4,8.1,2024-05-01 19:35:00
ae6abe24,CUST_1024,182.89,100.56,82.33,9.14,2024-05-18 20:38:00
cad903d9,CUST_1024,284.35,100.78,183.57,14.22,2024-04-29 11:52:00
9e314301,CUST_1024,244.73,103.28,141.45,12.24,2024-05-13 13:37:00
62949ae9,CUST_1024,224.58,17.68,206.9,11.23,2024-05-15 05:48:00
111bf96b,CUST_1025,57.0,23.31,33.69,2.85,2024-05-05 03:04:00
90953798,CUST_1025,299.37,23.5,275.87,14.97,2024-04-21 05:50:00
3c59520e,CUST_1025,230.64,35.74,194.9,11.53,2024-05-12 17:15:00
1a6485d0,CUST_1025,241.95,237.45,4.5,12.1,2024-05-14 10:50:00
58bab05a,CUST_1025,94.27,31.37,62.9,4.71,2024-05-06 02:01:00
7936fdbe,CUST_1025,123.58,5.54,118.04,6.18,2024-05-10 21:34:00
37fd9ee2,CUST_1025,77.68,61.9,15.78,3.88,2024-05-14 14:38:00
e9c6f408,CUST_1025,225.1,38.61,186.49,11.26,2024-04-21 20:07:00
306edc72,CUST_1026,67.05,56.1,10.95,3.35,2024-05-06 09:22:00
5b704400,CUST_1026,270.68,93.15,177.53,13.53,2024-05-16 15:01:00
5d9b4b37,CUST_1026,54.88,47.86,7.02,2.74,2024-05-17 17:07:00
cd088acc,CUST_1026,151.8,84.8,67.0,7.59,2024-05-15 05:39:00
169bf8d9,CUST_1026,110.29,7.27,103.02,5.51,2024-05-05 02:58:00
a6caf26d,CUST_1026,276.5,178.66,97.84,13.83,2024-04-21 06:06:00
1ac9aebd,CUST_1027,154.06,130.28,23.78,7.7,2024-05-07 07:31:00
133c2762,CUST_1027,164.17,9.06,155.11,8.21,2024-05-02 13:11:00
48f9841a,CUST_1027,240.84,139.58,101.26,12.04,2024-04-28 00:40:00
2c5c215e,CUST_1027,105.42,45.82,59.6,5.27,2024-05-19 01:57:00
d587c672,CUST_1027,201.0,159.0,42.0,10.05,2024-05-08 19:01:00
4807aaf0,CUST_1028,183.34,1.38,181.96,9.17,2024-04-23 16:44:00
d5e0eee7,CUST_1028,256.95,16.11,240.84,12.85,2024-05-14 21:25:00
8e4498e1,CUST_1028,224.21,167.35,56.86,11.21,2024-05-12 15:53:00
c9a1e6a1,CUST_1028,216.37,98.93,117.44,10.82,2024-04-29 10:53:00
b726bb11,CUST_1028,224.91,66.91,158.0,11.25,2024-04-26 14:43:00
5976a6dc,CUST_1028,173.51,147.43,26.08,8.68,2024-04-22 17:19:00
bbeb12b6,CUST_1028,205.12,122.31,82.81,10.26,2024-05-10 17:35:00
1eca6ba1,CUST_1029,82.8,27.42,55.38,4.14,2024-04-27 01:27:00
6c70205e,CUST_1029,51.49,19.59,31.9,2.57,2024-04-25 13:11:00
382842c9,CUST_1029,107.39,74.95,32.44,5.37,2024-05-17 04:55:00
0fae0f63,CUST_1029,82.15,16.02,66.13,4.11,2024-05-10 16:49:00
508ced1a,CUST_1029,119.3,54.81,64.49,5.96,2024-05-10 14:02:00
997b9e25,CUST_1029,76.16,40.48,35.68,3.81,2024-04-30 12:21:00
12354b41,CUST_1029,129.44,33.77,95.67,6.47,2024-05-11 23:07:00
3f910e97,CUST_1030,71.83,21.38,50.45,3.59,2024-05-09 05:31:00
c3319342,CUST_1030,220.29,87.68,132.61,11.01,2024-05-09 19:04:00
7cacd2bd,CUST_1030,83.45,33.11,50.34,4.17,2024-05-02 08:00:00
a839727b,CUST_1030,51.84,33.6,18.24,2.59,2024-04-21 02:41:00
b074985f,CUST_1030,287.44,54.22,233.22,14.37,2024-05-09 17:43:00
bd4513b4,CUST_1030,101.37,33.74,67.63,5.07,2024-05-05 08:52:00
d910b146,CUST_1030,213.28,139.91,73.37,10.66,2024-05-19 18:09:00
7f92d1ff,CUST_1030,211.58,151.72,59.86,10.58,2024-05-17 23:49:00
8df81130,CUST_1031,256.67,36.59,220.08,12.83,2024-04-21 21:05:00
13a98d3e,CUST_1031,223.05,150.49,72.56,11.15,2024-05-03 21:01:00
74581359,CUST_1031,138.07,132.73,5.34,6.9,2024-04-29 10:06:00
ac918e18,CUST_1031,68.68,56.5,12.18,3.43,2024-05-09 09:04:00
ca981b94,CUST_1031,200.65,64.06,136.59,10.03,2024-04-22 03:49:00
cbab9e8a,CUST_1031,107.33,91.52,15.81,5.37,2024-05-05 18:38:00
c3d5b4ac,CUST_1031,289.25,141.44,147.81,14.46,2024-05-11 05:47:00
34f94292,CUST_1032,95.04,56.7,38.34,4.75,2024-05-13 15:51:00
d451291d,CUST_1032,117.27,60.82,56.45,5.86,2024-04-29 04:08:00
7f235388,CUST_1032,259.21,6.41,252.8,12.96,2024-05-03 13:58:00
f715284e,CUST_1032,149.32,52.01,97.31,7.47,2024-05-05 14:43:00
aad83f29,CUST_1032,137.08,0.63,136.45,6.85,2024-05-17 00:04:00
d06d5f9e,CUST_1033,142.49,61.5,80.99,7.12,2024-04-24 15:34:00
cc96530f,CUST_1033,158.79,11.36,147.43,7.94,2024-05-05 06:12:00
28d49bfd,CUST_1033,223.53,93.75,129.78,11.18,2024-05-05 08:40:00
a24b82a5,CUST_1033,83.53,11.18,72.35,4.18,2024-05-18 00:35:00
bf3c695f,CUST_1033,177.91,110.63,67.28,8.9,2024-04-30 15:00:00
e5a8fe39,CUST_1034,190.31,137.59,52.72,9.52,2024-05-01 22:08:00
85c3ed9d,CUST_1034,118.1,36.39,81.71,5.91,2024-04-26 06:07:00
63dfd6d4,CUST_1034,247.25,119.44,127.81,12.36,2024-04-30 17:55:00
1a318fbd,CUST_1034,270.27,224.03,46.24,13.51,2024-05-06 02:20:00
66e3c9b8,CUST_1034,170.93,8.01,162.92,8.55,2024-04-30 18:31:00
d1adf234,CUST_1034,250.35,76.28,174.07,12.52,2024-04-21 05:55:00
8064048d,CUST_1035,287.18,92.72,194.46,14.36,2024-05-14 07:19:00
a9c20b51,CUST_1035,296.41,101.13,195.28,14.82,2024-05-04 08:42:00
13a7d6a5,CUST_1035,237.64,146.84,90.8,11.88,2024-04-25 09:26:00
8676ad42,CUST_1035,231.11,0.34,230.77,11.56,2024-04-20 03:49:00
1186511d,CUST_1035,78.28,37.87,40.41,3.91,2024-04-29 08:55:00
b0406560,CUST_1035,113.83,9.38,104.45,5.69,2024-05-07 21:08:00
37326080,CUST_1035,200.46,141.89,58.57,10.02,2024-05-10 07:58:00
26b747f6,CUST_1036,262.77,79.82,182.95,13.14,2024-04-29 23:35:00
894c439a,CUST_1036,212.81,100.22,112.59,10.64,2024-05-08 02:21:00
9af62c11,CUST_1036,125.04,95.43,29.61,6.25,2024-05-15 20:49:00
40ec8a8d,CUST_1036,50.18,0.77,49.41,2.51,2024-05-06 11:37:00
5b5b8d8f,CUST_1036,83.57,65.64,17.93,4.18,2024-05-06 11:27:00
8df24b42,CUST_1036,154.21,130.98,23.23,7.71,2024-05-10 01:16:00
5bd1564d,CUST_1037,177.59,114.68,62.91,8.88,2024-04-26 13:13:00
7e6a2944,CUST_1037,264.64,258.44,6.2,13.23,2024-05-01 02:45:00
6f5fc782,CUST_1037,59.11,15.37,43.74,2.96,2024-05-03 04:56:00
c3fa4ae1,CUST_1037,67.38,41.35,26.03,3.37,2024-04-26 09:58:00
f5159a1a,CUST_1037,63.03,59.3,3.73,3.15,2024-05-06 10:42:00
5065d07f,CUST_1038,155.39,7.24,148.15,7.77,2024-05-04 19:03:00
20b5d837,CUST_1038,251.22,175.65,75.57,12.56,2024-05-13 21:28:00
0823db3f,CUST_1038,178.98,154.54,24.44,8.95,2024-05-16 10:34:00
7045e4b8,CUST_1038,254.81,11.25,243.56,12.74,2024-05-10 13:09:00
3eb61beb,CUST_1038,241.02,162.32,78.7,12.05,2024-05-17 06:21:00
a632d8e2,CUST_1038,68.64,59.28,9.36,3.43,2024-05-01 15:28:00
6538f56d,CUST_1038,204.06,70.6,133.46,10.2,2024-05-07 15:04:00
5a754445,CUST_1038,226.66,182.31,44.35,11.33,2024-04-29 11:36:00
da03402e,CUST_1039,262.79,160.0,102.79,13.14,2024-04-27 09:25:00
4cbef0b5,CUST_1039,256.77,82.28,174.49,12.84,2024-04-28 08:57:00
25313f5d,CUST_1039,218.95,77.53,141.42,10.95,2024-05-13 11:08:00
4a2e71c7,CUST_1039,195.74,165.09,30.65,9.79,2024-05-04 10:59:00
e9490189,CUST_1039,265.81,30.48,235.33,13.29,2024-04-30 06:17:00
798cbd92,CUST_1039,148.6,107.85,40.75,7.43,2024-04-27 22:49:00
5770e8cd,CUST_1039,117.48,27.4,90.08,5.87,2024-05-01 23:13:00
d337ada1,CUST_1039,174.99,6.3,168.69,8.75,2024-04-28 12:08:00
f84beeab,CUST_1040,278.63,268.85,9.78,13.93,2024-04-30 13:22:00
a80c1d65,CUST_1040,252.11,171.18,80.93,12.61,2024-04-24 21:42:00
16f2a63a,CUST_1040,212.61,72.6,140.01,10.63,2024-05-04 13:33:00
ffe82a99,CUST_1040,255.28,23.95,231.33,12.76,2024-05-10 23:00:00
0fe4dfea,CUST_1040,240.8,160.75,80.05,12.04,2024-05-04 08:32:00
e75f1d93,CUST_1041,255.32,16.57,238.75,12.77,2024-04-28 23:18:00
58e2a51a,CUST_1041,222.83,85.21,137.62,11.14,2024-05-08 00:46:00
fec539da,CUST_1041,195.35,95.14,100.21,9.77,2024-05-15 21:52:00
f17a1318,CUST_1041,79.27,14.19,65.08,3.96,2024-05-10 14:10:00
1b465a4a,CUST_1041,99.09,30.38,68.71,4.95,2024-04-26 11:56:00
803a0dd8,CUST_1041,71.89,38.39,33.5,3.59,2024-04-21 16:03:00
c3c36ce4,CUST_1041,260.34,2.63,257.71,13.02,2024-04-28 23:24:00
1ff0466e,CUST_1041,208.61,202.57,6.04,10.43,2024-04-27 03:54:00
452562d8,CUST_1042,90.63,82.65,7.98,4.53,2024-04-27 10:02:00
89cbba97,CUST_1042,249.99,221.32,28.67,12.5,2024-05-09 19:49:00
bccbd459,CUST_1042,147.56,98.17,49.39,7.38,2024-05-05 06:44:00
53e2f0c2,CUST_1042,91.07,46.24,44.83,4.55,2024-05-14 14:57:00
8c44b999,CUST_1042,244.94,202.31,42.63,12.25,2024-05-09 14:25:00
5020dc19,CUST_1042,245.66,214.5,31.16,12.28,2024-04-25 06:38:00
8a6f3857,CUST_1042,228.42,153.72,74.7,11.42,2024-05-19 04:22:00
c251a10c,CUST_1043,248.95,83.62,165.33,12.45,2024-05-07 22:40:00
c952428f,CUST_1043,122.77,24.03,98.74,6.14,2024-05-19 13:51:00
8a3336b3,CUST_1043,64.9,59.67,5.23,3.25,2024-05-02 05:27:00
e44bfc68,CUST_1043,69.9,41.04,28.86,3.5,2024-04-28 13:24:00
577e4f66,CUST_1043,114.35,55.19,59.16,5.72,2024-05-03 22:03:00
12b4eda6,CUST_1043,80.9,76.92,3.98,4.05,2024-05-03 09:25:00
6836e049,CUST_1043,124.12,31.78,92.34,6.21,2024-05-14 06:33:00
ad4f9bb5,CUST_1044,105.44,7.23,98.21,5.27,2024-04-25 06:36:00
1eb34a99,CUST_1044,155.79,124.49,31.3,7.79,2024-05-16 07:44:00
61ba64bd,CUST_1044,92.83,79.69,13.14,4.64,2024-05-14 03:48:00
34d3fc4c,CUST_1044,155.64,104.7,50.94,7.78,2024-05-16 03:19:00
95a0005d,CUST_1044,143.02,91.94,51.08,7.15,2024-04-21 21:04:00
bafa9a24,CUST_1045,187.41,24.34,163.07,9.37,2024-04-22 05:54:00
3d6c1a18,CUST_1045,248.97,88.63,160.34,12.45,2024-05-18 11:21:00
d7c72037,CUST_1045,283.96,274.52,9.44,14.2,2024-04-23 21:08:00
6ece3074,CUST_1045,160.88,105.49,55.39,8.04,2024-05-12 14:09:00
4a082464,CUST_1045,245.91,132.05,113.86,12.3,2024-04-24 16:13:00
d4fc9d94,CUST_1045,264.83,102.51,162.32,13.24,2024-05-04 08:09:00
9a264a8f,CUST_1045,97.2,90.48,6.72,4.86,2024-05-18 14:47:00
324d15be,CUST_1045,140.07,133.11,6.96,7.0,2024-05-17 17:35:00
6a3d5332,CUST_1046,284.37,36.52,247.85,14.22,2024-04-29 23:42:00
8e43b4e3,CUST_1046,103.7,101.61,2.09,5.19,2024-05-16 20:50:00
5ce66644,CUST_1046,179.76,152.28,27.48,8.99,2024-04-26 08:09:00
41deddf5,CUST_1046,117.05,90.76,26.29,5.85,2024-05-18 03:27:00
a447df58,CUST_1046,185.46,13.2,172.26,9.27,2024-05-10 19:41:00
fa20314e,CUST_1047,61.25,6.1,55.15,3.06,2024-04-24 21:35:00
c37f0b4e,CUST_1047,257.61,247.26,10.35,12.88,2024-04-24 12:26:00
928c12fa,CUST_1047,297.93,12.08,285.85,14.9,2024-04-21 16:06:00
39e87c94,CUST_1047,119.01,9.63,109.38,5.95,2024-04-30 10:16:00
f6b22610,CUST_1047,171.5,117.72,53.78,8.58,2024-05-09 10:01:00
fa2c916e,CUST_1047,195.32,1.48,193.84,9.77,2024-04-28 17:02:00
3b9e2e1d,CUST_1047,93.01,40.05,52.96,4.65,2024-05-11 09:59:00
03cf2f2c,CUST_1047,175.23,21.96,153.27,8.76,2024-04-30 12:13:00
1ff3b71d,CUST_1048,158.92,68.59,90.33,7.95,2024-05-17 21:05:00
777dffb6,CUST_1048,233.83,13.62,220.21,11.69,2024-05-02 19:59:00
842be241,CUST_1048,183.17,98.08,85.09,9.16,2024-05-12 15:44:00
3d771d48,CUST_1048,72.65,37.72,34.93,3.63,2024-04-23 22:04:00
7879eb7d,CUST_1048,152.22,27.5,124.72,7.61,2024-04-25 01:01:00
b8c53767,CUST_1048,51.43,36.82,14.61,2.57,2024-04-22 22:47:00
2075fd31,CUST_1048,69.43,44.35,25.08,3.47,2024-05-06 13:07:00
0e67bf2b,CUST_1048,150.04,62.65,87.39,7.5,2024-05-10 04:11:00
487d1115,CUST_1049,116.7,85.18,31.52,5.84,2024-05-01 21:16:00
5dd1a06e,CUST_1049,125.57,50.17,75.4,6.28,2024-04-30 03:35:00
286a3ce4,CUST_1049,80.71,79.29,1.42,4.04,2024-04-27 13:56:00
bcd09473,CUST_1049,209.02,58.85,150.17,10.45,2024-05-08 12:46:00
148b0f9d,CUST_1049,286.06,69.63,216.43,14.3,2024-05-15 14:43:00
2d19841f,CUST_1049,117.26,33.5,83.76,5.86,2024-05-14 14:35:00
385479d7,CUST_1049,55.22,18.85,36.37,2.76,2024-04-22 21:50:00
50505ad1,CUST_1050,244.47,127.97,116.5,12.22,2024-05-17 15:49:00
f7183ad2,CUST_1050,279.03,29.12,249.91,13.95,2024-05-07 17:18:00
d5b513ba,CUST_1050,109.78,18.25,91.53,5.49,2024-05-11 17:40:00
21e86da4,CUST_1050,140.51,55.97,84.54,7.03,2024-04-20 14:25:00
f0691a2b,CUST_1050,100.51,81.41,19.1,5.03,2024-05-13 10:25:00
6f215cbc,CUST_1051,295.42,160.35,135.07,14.77,2024-05-07 08:30:00
a6e21c69,CUST_1051,264.77,109.83,154.94,13.24,2024-05-14 16:27:00
2c263ffb,CUST_1051,145.2,48.84,96.36,7.26,2024-05-15 09:57:00
5a5671ec,CUST_1051,287.43,38.98,248.45,14.37,2024-04-20 12:13:00
a9006065,CUST_1051,230.78,138.4,92.38,11.54,2024-05-07 06:29:00
656f9160,CUST_1051,148.13,120.86,27.27,7.41,2024-05-10 13:50:00
6dcd5402,CUST_1051,238.62,122.29,116.33,11.93,2024-05-16 00:48:00
e0849ca3,CUST_1052,226.36,28.73,197.63,11.32,2024-04-20 02:02:00
0b950b13,CUST_1052,184.35,129.85,54.5,9.22,2024-05-18 17:04:00
78760062,CUST_1052,286.31,19.78,266.53,14.32,2024-04-23 01:57:00
0d7b6722,CUST_1052,278.08,50.45,227.63,13.9,2024-05-04 11:53:00
5385bada,CUST_1052,70.7,54.42,16.28,3.54,2024-05-13 10:06:00
c4f22fd6,CUST_1052,167.02,14.15,152.87,8.35,2024-04-30 05:57:00
84afa98b,CUST_1052,167.06,72.37,94.69,8.35,2024-05-07 17:42:00
131481aa,CUST_1052,82.9,60.67,22.23,4.15,2024-04-25 19:00:00
e2479822,CUST_1053,113.26,6.86,106.4,5.66,2024-05-13 08:11:00
a0cd3583,CUST_1053,201.01,72.65,128.36,10.05,2024-05-06 03:39:00
f7ea2b0a,CUST_1053,108.72,106.61,2.11,5.44,2024-04-21 23:35:00
e21b3575,CUST_1053,287.65,275.27,12.38,14.38,2024-04-21 19:11:00
f38203cf,CUST_1053,239.87,17.84,222.03,11.99,2024-04-29 01:40:00
fe99303e,CUST_1053,200.81,7.08,193.73,10.04,2024-05-14 08:41:00
a4fbcb45,CUST_1053,166.28,0.83,165.45,8.31,2024-05-17 11:29:00
6c8195d9,CUST_1054,180.98,162.42,18.56,9.05,2024-05-05 20:35:00
e950fdc5,CUST_1054,107.58,77.08,30.5,5.38,2024-04-28 20:31:00
c66f360c,CUST_1054,177.97,160.44,17.53,8.9,2024-05-14 00:46:00
66842460,CUST_1054,119.36,113.3,6.06,5.97,2024-05-19 20:55:00
02cdcf1b,CUST_1054,273.22,160.21,113.01,13.66,2024-05-06 21:50:00
bd21c206,CUST_1054,56.47,18.65,37.82,2.82,2024-04-20 05:46:00
bd31e8ac,CUST_1055,201.03,25.83,175.2,10.05,2024-05-14 03:21:00
ab5ba4d0,CUST_1055,190.94,183.39,7.55,9.55,2024-05-06 06:55:00
d1e3cafa,CUST_1055,150.71,42.13,108.58,7.54,2024-05-17 11:07:00
6b5b1fa5,CUST_1055,91.68,77.67,14.01,4.58,2024-05-11 03:37:00
24ab606d,CUST_1055,255.53,60.38,195.15,12.78,2024-04-24 23:31:00
23a304b2,CUST_1055,208.52,69.52,139.0,10.43,2024-05-05 09:18:00
5a78d5ff,CUST_1055,66.2,20.21,45.99,3.31,2024-04-22 05:37:00
8e3a29ea,CUST_1055,185.08,173.57,11.51,9.25,2024-05-12 02:56:00
ebf4e1b7,CUST_1056,93.29,52.22,41.07,4.66,2024-04-27 05:28:00
8a9c767e,CUST_1056,158.96,146.66,12.3,7.95,2024-04-27 22:49:00
559f5aa5,CUST_1056,232.82,36.97,195.85,11.64,2024-04-25 00:31:00
5d66a014,CUST_1056,74.04,32.48,41.56,3.7,2024-05-08 03:19:00
ae8f96ed,CUST_1056,131.6,105.05,26.55,6.58,2024-04-23 10:28:00
7110f85a,CUST_1056,124.56,7.9,116.66,6.23,2024-05-18 20:55:00
09823a52,CUST_1056,282.13,89.65,192.48,14.11,2024-04-25 12:42:00
4af596c4,CUST_1056,180.33,48.92,131.41,9.02,2024-05-02 02:52:00
22649bd6,CUST_1057,232.64,191.59,41.05,11.63,2024-05-17 01:38:00
cc8ddc47,CUST_1057,74.7,47.25,27.45,3.74,2024-04-27 21:36:00
1b80335c,CUST_1057,90.06,58.41,31.65,4.5,2024-05-06 22:57:00
c9386cf2,CUST_1057,72.27,49.11,23.16,3.61,2024-04-24 20:20:00
4097c4cc,CUST_1057,279.69,53.01,226.68,13.98,2024-04-25 07:30:00
fd58faf0,CUST_1057,71.86,7.13,64.73,3.59,2024-05-14 15:38:00
1a13f93f,CUST_1057,196.68,98.55,98.13,9.83,2024-05-15 20:26:00
35bd6dbf,CUST_1057,170.93,87.28,83.65,8.55,2024-04-24 23:00:00
01dc1e79,CUST_1058,292.1,146.93,145.17,14.61,2024-04-22 06:52:00
1c7e5458,CUST_1058,208.3,203.34,4.96,10.42,2024-05-05 19:33:00
88d80a24,CUST_1058,299.79,257.11,42.68,14.99,2024-05-04 11:16:00
7acc14f9,CUST_1058,176.49,165.5,10.99,8.82,2024-04-24 20:05:00
3625bd30,CUST_1058,263.13,90.95,172.18,13.16,2024-05-19 12:13:00
c4d7676a,CUST_1058,153.57,63.38,90.19,7.68,2024-05-08 20:30:00
00a2029d,CUST_1059,224.36,177.42,46.94,11.22,2024-05-18 16:36:00
266784b5,CUST_1059,64.67,35.73,28.94,3.23,2024-04-27 12:29:00
04a091ed,CUST_1059,244.65,137.38,107.27,12.23,2024-05-11 09:54:00
cddcbb6a,CUST_1059,193.87,155.74,38.13,9.69,2024-05-06 02:05:00
0e65e3b5,CUST_1059,59.32,43.79,15.53,2.97,2024-05-03 16:29:00
7c6ef930,CUST_1060,192.04,176.39,15.65,9.6,2024-05-18 16:53:00
17d1b33b,CUST_1060,150.24,109.4,40.84,7.51,2024-05-03 22:24:00
d202eb9e,CUST_1060,228.55,217.08,11.47,11.43,2024-05-12 10:17:00
c05a9da2,CUST_1060,118.79,78.53,40.26,5.94,2024-04-28 18:01:00
fe020b1a,CUST_1060,180.5,107.88,72.62,9.03,2024-05-03 13:18:00
f69dff4f,CUST_1061,201.05,32.05,169.0,10.05,2024-04-22 01:26:00
a5744065,CUST_1061,187.52,96.27,91.25,9.38,2024-04-28 16:13:00
1f99b2c8,CUST_1061,287.44,64.16,223.28,14.37,2024-05-16 08:45:00
6d250759,CUST_1061,198.52,148.9,49.62,9.93,2024-04-21 01:57:00
c0c4511d,CUST_1061,151.7,119.73,31.97,7.58,2024-05-03 16:41:00
ecc9686a,CUST_1062,158.95,92.29,66.66,7.95,2024-05-15 09:18:00
d9a97fcb,CUST_1062,97.12,10.03,87.09,4.86,2024-04-29 21:20:00
1f38b2de,CUST_1062,102.58,0.48,102.1,5.13,2024-04-30 17:58:00
572967c7,CUST_1062,272.0,230.09,41.91,13.6,2024-04-25 10:32:00
1c3eeae3,CUST_1062,104.15,60.29,43.86,5.21,2024-04-24 16:22:00
aab4c95f,CUST_1062,124.91,5.78,119.13,6.25,2024-05-14 05:35:00
512733c0,CUST_1062,196.54,181.27,15.27,9.83,2024-04-24 09:35:00
a8b3f880,CUST_1062,275.24,198.42,76.82,13.76,2024-05-07 14:44:00
55ed8653,CUST_1063,62.86,46.01,16.85,3.14,2024-04-30 08:06:00
87d95636,CUST_1063,53.8,8.18,45.62,2.69,2024-05-13 09:53:00
5728cbe0,CUST_1063,170.86,47.33,123.53,8.54,2024-05-07 10:58:00
88943af5,CUST_1063,244.17,26.8,217.37,12.21,2024-05-05 05:59:00
604cdc93,CUST_1063,64.42,42.92,21.5,3.22,2024-05-01 04:33:00
ac47a835,CUST_1063,225.8,196.78,29.02,11.29,2024-05-06 00:14:00
ccb4fe43,CUST_1063,123.42,73.4,50.02,6.17,2024-04-24 02:13:00
eb633ddd,CUST_1063,242.13,54.33,187.8,12.11,2024-05-01 15:01:00
1e7b0142,CUST_1064,222.92,154.1,68.82,11.15,2024-04-24 12:58:00
ea78c156,CUST_1064,148.27,87.86,60.41,7.41,2024-04-23 20:53:00
fea35574,CUST_1064,259.05,158.73,100.32,12.95,2024-05-02 05:10:00
79f323c6,CUST_1064,204.8,155.84,48.96,10.24,2024-05-06 10:59:00
74396ed7,CUST_1064,188.83,118.36,70.47,9.44,2024-05-17 22:37:00
62d2c3c5,CUST_1065,83.57,70.63,12.94,4.18,2024-05-12 14:49:00
8bab2c55,CUST_1065,130.74,6.95,123.79,6.54,2024-05-10 15:39:00
4d81bf10,CUST_1065,278.69,160.32,118.37,13.93,2024-04-22 19:40:00
08e28879,CUST_1065,59.36,15.44,43.92,2.97,2024-05-09 09:01:00
1727be5f,CUST_1065,297.07,274.42,22.65,14.85,2024-05-19 22:24:00
c7ec8cd0,CUST_1066,136.42,10.07,126.35,6.82,2024-04-27 13:58:00
b459e904,CUST_1066,199.06,58.8,140.26,9.95,2024-05-12 04:56:00
d17d245a,CUST_1066,214.1,64.15,149.95,10.71,2024-04-27 01:24:00
038ff024,CUST_1066,115.29,22.24,93.05,5.76,2024-05-14 07:28:00
64959f72,CUST_1066,65.75,28.18,37.57,3.29,2024-05-01 16:44:00
5df37144,CUST_1066,74.71,69.26,5.45,3.74,2024-05-06 21:12:00
9eab75c4,CUST_1067,185.88,40.4,145.48,9.29,2024-05-13 09:57:00
bd0e9c6d,CUST_1067,243.0,13.63,229.37,12.15,2024-04-30 03:22:00
0165d119,CUST_1067,107.35,90.62,16.73,5.37,2024-04-20 04:29:00
5d285dde,CUST_1067,287.42,48.04,239.38,14.37,2024-04-25 22:57:00
bbf8de66,CUST_1067,290.24,211.16,79.08,14.51,2024-05-08 16:53:00
3b7c916e,CUST_1067,52.14,16.3,35.84,2.61,2024-04-22 22:07:00
434661d7,CUST_1067,235.82,142.47,93.35,11.79,2024-05-04 10:45:00
c1d1d868,CUST_1068,146.63,109.63,37.0,7.33,2024-05-16 10:50:00
cb435231,CUST_1068,53.81,6.2,47.61,2.69,2024-04-25 05:39:00
7d8217d1,CUST_1068,247.48,53.96,193.52,12.37,2024-05-08 15:31:00
6994bf15,CUST_1068,169.8,32.81,136.99,8.49,2024-04-26 07:20:00
7ba02e67,CUST_1068,258.74,36.64,222.1,12.94,2024-05-06 13:23:00
215c92dd,CUST_1068,252.79,100.0,152.79,12.64,2024-04-24 11:24:00
1d80b160,CUST_1068,168.93,35.71,133.22,8.45,2024-05-08 09:19:00
51175135,CUST_1068,172.71,8.6,164.11,8.64,2024-05-10 05:30:00
0b7ae7de,CUST_1069,55.32,39.2,16.12,2.77,2024-05-02 02:42:00
fec33fa1,CUST_1069,249.34,127.38,121.96,12.47,2024-05-03 06:41:00
52ae311a,CUST_1069,71.26,44.25,27.01,3.56,2024-05-03 07:23:00
925633fc,CUST_1069,157.26,33.09,124.17,7.86,2024-05-02 09:22:00
09367a46,CUST_1069,259.33,166.66,92.67,12.97,2024-05-09 19:19:00
28fb38e4,CUST_1069,145.62,53.06,92.56,7.28,2024-05-16 08:09:00
9549bfe9,CUST_1070,262.18,262.01,0.17,13.11,2024-04-24 03:54:00
f9ee8896,CUST_1070,221.24,154.65,66.59,11.06,2024-04-30 21:56:00
a98b00fa,CUST_1070,289.2,185.91,103.29,14.46,2024-05-01 13:43:00
2356bf87,CUST_1070,161.69,132.88,28.81,8.08,2024-05-02 07:52:00
80beeb34,CUST_1070,186.06,26.33,159.73,9.3,2024-05-09 11:41:00
a8a13bb4,CUST_1070,292.85,287.01,5.84,14.64,2024-05-11 01:22:00
d3f31226,CUST_1070,89.57,0.27,89.3,4.48,2024-04-20 16:30:00
f9304146,CUST_1070,239.25,63.6,175.65,11.96,2024-05-11 15:55:00
6dbde0f4,CUST_1071,169.72,121.84,47.88,8.49,2024-05-07 15:21:00
603baf9a,CUST_1071,141.11,47.77,93.34,7.06,2024-04-26 19:14:00
67f51811,CUST_1071,202.16,42.85,159.31,10.11,2024-05-11 17:51:00
8adcaab5,CUST_1071,274.37,208.15,66.22,13.72,2024-05-09 05:02:00
c50cb2dc,CUST_1071,127.49,125.72,1.77,6.37,2024-05-05 19:23:00
af607a94,CUST_1071,234.03,89.05,144.98,11.7,2024-04-20 01:37:00
d8640ab4,CUST_1071,226.23,190.23,36.0,11.31,2024-05-02 20:11:00
3afa9aea,CUST_1071,239.32,61.72,177.6,11.97,2024-05-09 22:23:00
81dd85c5,CUST_1072,121.39,116.26,5.13,6.07,2024-05-06 04:23:00
b4c6d63f,CUST_1072,273.43,205.15,68.28,13.67,2024-04-25 00:47:00
3b3d1560,CUST_1072,282.62,246.44,36.18,14.13,2024-05-03 01:40:00
80b4030b,CUST_1072,92.99,59.29,33.7,4.65,2024-05-14 04:13:00
6160c729,CUST_1072,285.13,113.83,171.3,14.26,2024-05-05 16:43:00
ec340849,CUST_1072,154.86,43.04,111.82,7.74,2024-05-13 11:34:00
df98631c,CUST_1072,264.06,254.16,9.9,13.2,2024-04-24 05:23:00
8983d21b,CUST_1072,173.79,17.08,156.71,8.69,2024-05-11 18:52:00
5af80c34,CUST_1073,120.34,30.34,90.0,6.02,2024-05-02 08:27:00
3cc8312b,CUST_1073,101.13,81.63,19.5,5.06,2024-04-23 08:22:00
49dae891,CUST_1073,191.68,163.17,28.51,9.58,2024-05-14 14:09:00
fc307dc0,CUST_1073,104.09,1.72,102.37,5.2,2024-05-15 08:48:00
9ce4ebe8,CUST_1073,275.89,122.43,153.46,13.79,2024-05-15 16:55:00
2291b284,CUST_1073,126.69,124.28,2.41,6.33,2024-04-26 11:27:00
8f30e674,CUST_1074,114.45,14.58,99.87,5.72,2024-05-17 15:28:00
da161557,CUST_1074,195.13,12.16,182.97,9.76,2024-05-16 10:39:00
91200916,CUST_1074,278.61,222.98,55.63,13.93,2024-05-05 04:15:00
23a82cda,CUST_1074,243.62,34.35,209.27,12.18,2024-04-29 01:53:00
0184b8dc,CUST_1074,127.51,14.86,112.65,6.38,2024-04-27 23:13:00
46f4e135,CUST_1075,91.23,59.4,31.83,4.56,2024-05-05 08:34:00
9dff91e8,CUST_1075,54.23,41.94,12.29,2.71,2024-05-16 10:11:00
d722f4a9,CUST_1075,294.35,46.37,247.98,14.72,2024-05-12 14:36:00
31b161dc,CUST_1075,166.1,0.23,165.87,8.3,2024-04-30 10:36:00
7b47f4a7,CUST_1075,211.0,18.87,192.13,10.55,2024-05-14 13:31:00
a6124368,CUST_1075,237.5,213.78,23.72,11.88,2024-05-03 01:37:00
6b4c19d7,CUST_1076,209.78,32.65,177.13,10.49,2024-05-12 04:50:00
1084edfd,CUST_1076,204.65,0.89,203.76,10.23,2024-05-07 08:45:00
d39e3270,CUST_1076,139.61,16.94,122.67,6.98,2024-04-30 06:32:00
00893cc0,CUST_1076,205.77,91.63,114.14,10.29,2024-05-13 15:03:00
0610f3cf,CUST_1076,188.16,83.17,104.99,9.41,2024-05-06 08:56:00
b9b0a8ae,CUST_1077,105.02,66.03,38.99,5.25,2024-05-05 04:37:00
692b3624,CUST_1077,245.36,119.09,126.27,12.27,2024-05-09 01:49:00
cc2bf0e6,CUST_1077,109.89,109.49,0.4,5.49,2024-05-07 06:24:00
8542f96f,CUST_1077,59.51,34.82,24.69,2.98,2024-05-09 15:29:00
f350035c,CUST_1077,100.87,35.12,65.75,5.04,2024-04-30 15:31:00
1c517097,CUST_1077,63.06,43.96,19.1,3.15,2024-04-29 21:29:00
980fa43c,CUST_1077,288.29,181.18,107.11,14.41,2024-05-05 21:08:00
9efd9eeb,CUST_1078,276.63,57.6,219.03,13.83,2024-05-09 21:51:00
14713970,CUST_1078,157.97,28.56,129.41,7.9,2024-05-12 01:03:00
7d434ca8,CUST_1078,110.99,3.96,107.03,5.55,2024-04-25 11:03:00
985bb332,CUST_1078,81.83,44.88,36.95,4.09,2024-05-17 01:18:00
b6360505,CUST_1078,163.88,92.98,70.9,8.19,2024-05-06 16:42:00
6e121978,CUST_1078,79.66,71.38,8.28,3.98,2024-04-30 11:44:00
64e98504,CUST_1078,263.26,261.63,1.63,13.16,2024-05-15 13:54:00
d3654824,CUST_1079,247.88,104.69,143.19,12.39,2024-04-20 08:13:00
c3051d79,CUST_1079,153.02,118.88,34.14,7.65,2024-04-21 04:56:00
c7150aff,CUST_1079,130.81,83.3,47.51,6.54,2024-05-08 19:55:00
d0a83f39,CUST_1079,99.51,56.06,43.45,4.98,2024-05-10 14:26:00
5b3719d9,CUST_1079,208.79,179.47,29.32,10.44,2024-05-08 21:46:00
3c39f45b,CUST_1079,91.35,83.38,7.97,4.57,2024-04-24 00:30:00
312473fb,CUST_1080,156.4,155.09,1.31,7.82,2024-05-05 14:05:00
57ac3fb1,CUST_1080,211.41,13.94,197.47,10.57,2024-05-04 15:50:00
41878c1c,CUST_1080,142.14,130.6,11.54,7.11,2024-05-07 10:16:00
b5f4d309,CUST_1080,202.08,131.09,70.99,10.1,2024-05-19 21:44:00
9481ca16,CUST_1080,167.54,85.66,81.88,8.38,2024-04-30 03:31:00
4f22f944,CUST_1080,134.34,64.57,69.77,6.72,2024-05-19 02:56:00
c737a430,CUST_1080,74.02,26.53,47.49,3.7,2024-05-03 06:13:00
d129a057,CUST_1081,295.45,285.69,9.76,14.77,2024-05-19 22:32:00
2f0300a0,CUST_1081,129.23,39.4,89.83,6.46,2024-05-10 19:38:00
bdc3a898,CUST_1081,195.05,102.69,92.36,9.75,2024-05-11 05:51:00
9c11f611,CUST_1081,78.43,23.7,54.73,3.92,2024-04-25 11:09:00
676b96af,CUST_1081,140.27,118.16,22.11,7.01,2024-05-19 23:17:00
e9963601,CUST_1081,68.18,44.65,23.53,3.41,2024-04-24 01:47:00
d0bf29f3,CUST_1082,232.34,132.3,100.04,11.62,2024-05-09 03:55:00
75838361,CUST_1082,94.9,60.83,34.07,4.75,2024-05-09 11:17:00
2565afcc,CUST_1082,147.16,141.44,5.72,7.36,2024-04-20 18:52:00
a9b4239a,CUST_1082,175.64,69.41,106.23,8.78,2024-04-26 08:29:00
6f417128,CUST_1082,149.07,72.58,76.49,7.45,2024-04-25 23:39:00
2bef3dd6,CUST_1082,210.46,192.24,18.22,10.52,2024-05-04 11:40:00
d28d1ba2,CUST_1082,204.65,2.35,202.3,10.23,2024-04-30 07:18:00
c3372bc6,CUST_1083,243.9,237.05,6.85,12.2,2024-05-04 04:37:00
9e49fc18,CUST_1083,226.71,129.17,97.54,11.34,2024-04-28 06:42:00
807408dd,CUST_1083,231.98,46.99,184.99,11.6,2024-05-17 05:23:00
d4394bb1,CUST_1083,195.9,112.73,83.17,9.8,2024-05-06 07:25:00
45f20421,CUST_1083,101.16,26.26,74.9,5.06,2024-05-18 15:43:00
f9dc508b,CUST_1084,218.53,210.38,8.15,10.93,2024-04-26 00:49:00
15ee980f,CUST_1084,206.17,44.99,161.18,10.31,2024-05-02 17:05:00
d67cf823,CUST_1084,128.23,118.0,10.23,6.41,2024-04-28 18:22:00
15adf264,CUST_1084,172.3,43.95,128.35,8.62,2024-05-03 06:07:00
0a1a640b,CUST_1084,100.95,89.59,11.36,5.05,2024-04-21 05:44:00
ef5ca0e6,CUST_1084,127.61,52.55,75.06,6.38,2024-05-18 20:07:00
1e7e7c84,CUST_1084,128.89,11.45,117.44,6.44,2024-05-06 16:31:00
21cd76e4,CUST_1085,147.0,119.86,27.14,7.35,2024-04-26 22:59:00
41c04d3e,CUST_1085,131.62,95.34,36.28,6.58,2024-04-24 12:45:00
be467929,CUST_1085,92.87,41.76,51.11,4.64,2024-04-20 04:56:00
87bda8d8,CUST_1085,298.34,283.22,15.12,14.92,2024-05-14 22:02:00
4964d98c,CUST_1085,268.16,91.76,176.4,13.41,2024-05-15 22:00:00
9c44c31a,CUST_1085,221.51,91.17,130.34,11.08,2024-05-19 09:50:00
44a4e82f,CUST_1085,269.99,164.16,105.83,13.5,2024-04-29 18:29:00
ea7e0608,CUST_1085,193.07,116.17,76.9,9.65,2024-04-26 21:14:00
e200d9fd,CUST_1086,94.24,6.72,87.52,4.71,2024-04-30 20:53:00
7f43b8fe,CUST_1086,141.01,5.6,135.41,7.05,2024-04-23 13:02:00
e6c32c52,CUST_1086,246.39,129.38,117.01,12.32,2024-04-28 19:02:00
33ce770f,CUST_1086,202.53,87.23,115.3,10.13,2024-05-10 10:56:00
9490c4e0,CUST_1086,72.34,55.0,17.34,3.62,2024-05-11 00:04:00
1627a82f,CUST_1086,164.8,107.53,57.27,8.24,2024-05-06 02:46:00
3174b3fb,CUST_1086,197.63,102.16,95.47,9.88,2024-05-19 16:30:00
53a3d9a5,CUST_1087,157.3,52.58,104.72,7.87,2024-05-19 17:28:00
2e9c2243,CUST_1087,178.64,69.31,109.33,8.93,2024-04-27 11:03:00
a9931795,CUST_1087,98.05,31.89,66.16,4.9,2024-05-05 12:56:00
b7ba0dfd,CUST_1087,189.79,133.81,55.98,9.49,2024-05-13 18:37:00
53988e38,CUST_1087,80.58,6.54,74.04,4.03,2024-04-24 06:20:00
2f5e9ce4,CUST_1087,215.66,28.68,186.98,10.78,2024-05-19 20:55:00
486798a8,CUST_1087,223.95,176.53,47.42,11.2,2024-04-25 08:15:00
9fb8f5e2,CUST_1088,286.78,35.84,250.94,14.34,2024-05-17 07:45:00
22ecd4b2,CUST_1088,254.31,212.66,41.65,12.72,2024-04-24 08:15:00
a4c7bc91,CUST_1088,125.4,91.8,33.6,6.27,2024-05-08 01:02:00
632bc1d7,CUST_1088,79.39,39.09,40.3,3.97,2024-05-14 19:20:00
0407f927,CUST_1088,115.47,62.92,52.55,5.77,2024-04-27 22:17:00
2ac916c3,CUST_1088,105.74,78.65,27.09,5.29,2024-04-20 07:28:00
bc3c447b,CUST_1088,208.8,9.95,198.85,10.44,2024-04-30 22:07:00
617edadf,CUST_1089,93.25,28.23,65.02,4.66,2024-04-26 22:47:00
bf14eb63,CUST_1089,89.37,68.44,20.93,4.47,2024-05-11 17:07:00
837e9ece,CUST_1089,251.98,245.05,6.93,12.6,2024-04-23 02:33:00
00bb6ad5,CUST_1089,240.1,205.81,34.29,12.01,2024-05-11 08:59:00
c8a5c0dd,CUST_1089,74.46,62.94,11.52,3.72,2024-05-18 11:55:00
652d6462,CUST_1089,84.29,4.33,79.96,4.21,2024-05-19 14:14:00
e9f67953,CUST_1090,90.7,87.89,2.81,4.54,2024-05-14 22:59:00
783536b6,CUST_1090,244.59,121.37,123.22,12.23,2024-05-19 22:46:00
fef1e6f5,CUST_1090,271.4,167.23,104.17,13.57,2024-05-01 10:30:00
12787b54,CUST_1090,252.59,47.17,205.42,12.63,2024-05-03 12:02:00
f2fdaaba,CUST_1090,66.48,15.95,50.53,3.32,2024-05-16 02:50:00
72a19fc8,CUST_1091,279.14,266.15,12.99,13.96,2024-04-23 12:37:00
cf0aeff7,CUST_1091,127.03,30.57,96.46,6.35,2024-04-28 13:12:00
6e629552,CUST_1091,133.12,77.74,55.38,6.66,2024-05-05 17:04:00
4317f4d0,CUST_1091,159.06,46.72,112.34,7.95,2024-05-18 23:23:00
d86b6e8b,CUST_1091,71.91,32.52,39.39,3.6,2024-05-14 08:02:00
c8114e5d,CUST_1092,105.51,59.53,45.98,5.28,2024-05-13 10:46:00
8dafb208,CUST_1092,264.95,201.16,63.79,13.25,2024-05-01 20:32:00
71308113,CUST_1092,171.61,83.86,87.75,8.58,2024-05-03 11:09:00
ebf6d3f3,CUST_1092,94.83,37.09,57.74,4.74,2024-04-21 01:03:00
b2d15516,CUST_1092,90.52,52.29,38.23,4.53,2024-05-12 15:38:00
72a94a1b,CUST_1092,110.32,105.92,4.4,5.52,2024-05-05 04:58:00
8f6b8ebc,CUST_1093,177.91,36.57,141.34,8.9,2024-04-25 13:54:00
6624e491,CUST_1093,147.83,125.26,22.57,7.39,2024-04-23 09:12:00
95ba1c46,CUST_1093,277.31,245.13,32.18,13.87,2024-05-19 10:52:00
4af3db9c,CUST_1093,146.85,60.66,86.19,7.34,2024-05-10 10:06:00
691ac354,CUST_1093,95.81,72.84,22.97,4.79,2024-04-21 07:17:00
0c71484d,CUST_1093,188.93,55.01,133.92,9.45,2024-04-26 12:38:00
264829df,CUST_1093,143.83,142.82,1.01,7.19,2024-04-26 18:48:00
f47c794e,CUST_1093,112.85,43.18,69.67,5.64,2024-05-06 03:04:00
21e37830,CUST_1094,134.94,72.89,62.05,6.75,2024-05-11 11:04:00
01150975,CUST_1094,59.34,53.23,6.11,2.97,2024-05-10 22:27:00
132bd08e,CUST_1094,239.2,71.84,167.36,11.96,2024-05-13 08:27:00
a380b53a,CUST_1094,96.81,11.03,85.78,4.84,2024-04-29 14:46:00
b00f80cc,CUST_1094,240.41,113.29,127.12,12.02,2024-05-02 05:41:00
ac9582b1,CUST_1095,252.08,114.5,137.58,12.6,2024-05-18 13:15:00
a9e4acd0,CUST_1095,80.51,8.12,72.39,4.03,2024-05-08 19:24:00
71192aa9,CUST_1095,246.13,66.13,180.0,12.31,2024-04-20 18:28:00
2865f596,CUST_1095,134.74,77.48,57.26,6.74,2024-05-17 21:33:00
ccafdc7a,CUST_1095,83.92,62.26,21.66,4.2,2024-04-27 14:55:00
a6c9970e,CUST_1095,81.67,74.43,7.24,4.08,2024-04-29 22:53:00
6ecd1a1b,CUST_1096,169.15,42.57,126.58,8.46,2024-05-11 18:08:00
e9839b76,CUST_1096,184.05,100.55,83.5,9.2,2024-04-29 22:14:00
14fa80fd,CUST_1096,87.38,2.08,85.3,4.37,2024-05-19 17:49:00
96b2acfa,CUST_1096,199.07,50.27,148.8,9.95,2024-05-08 10:31:00
716d83e8,CUST_1096,107.9,55.73,52.17,5.4,2024-04-30 14:58:00
2f8c295c,CUST_1097,287.81,275.56,12.25,14.39,2024-05-09 14:58:00
c733335f,CUST_1097,238.91,34.45,204.46,11.95,2024-05-18 12:58:00
8d8265d0,CUST_1097,271.92,46.37,225.55,13.6,2024-05-19 10:12:00
fb821d83,CUST_1097,156.57,10.78,145.79,7.83,2024-04-22 17:44:00
8faa85dc,CUST_1097,144.07,3.73,140.34,7.2,2024-04-24 07:39:00
2dbed0fd,CUST_1097,95.77,12.72,83.05,4.79,2024-05-12 11:23:00
13e13914,CUST_1097,177.8,61.54,116.26,8.89,2024-05-11 23:31:00
2100c058,CUST_1097,278.49,101.28,177.21,13.92,2024-05-06 07:58:00
d41d07bd,CUST_1098,247.71,235.35,12.36,12.39,2024-05-08 18:42:00
06b27afa,CUST_1098,220.96,186.66,34.3,11.05,2024-05-19 19:01:00
7754e619,CUST_1098,166.87,92.54,74.33,8.34,2024-05-14 22:38:00
cdd9207d,CUST_1098,50.59,10.43,40.16,2.53,2024-05-15 15:30:00
77d66155,CUST_1098,291.28,176.94,114.34,14.56,2024-05-05 02:06:00
9c3d9736,CUST_1099,173.18,2.72,170.46,8.66,2024-05-15 01:04:00
a86b3da8,CUST_1099,54.59,21.5,33.09,2.73,2024-05-08 16:41:00
80919869,CUST_1099,245.86,243.23,2.63,12.29,2024-05-12 05:44:00
ce305f45,CUST_1099,272.62,127.97,144.65,13.63,2024-05-10 01:30:00
2750f931,CUST_1099,53.06,49.3,3.76,2.65,2024-05-13 11:36:00
88584a01,CUST_1099,117.52,31.43,86.09,5.88,2024-04-28 04:41:00
511b18d5,CUST_1099,163.93,33.18,130.75,8.2,2024-05-05 06:51:00
