[
  {
    "customer_id": "CUST_1000",
    "age": 53,
    "gender": "M",
    "nationality": "Turkey",
    "vip_level": "Silver",
    "registration_date": "2021-08-06",
    "communication_preference": "none"
  },
  {
    "customer_id": "CUST_1001",
    "age": 56,
    "gender": "M",
    "nationality": "Turkey",
    "vip_level": "Silver",
    "registration_date": "2021-07-26",
    "communication_preference": "SMS"
  },
  {
    "customer_id": "CUST_1002",
    "age": 62,
    "gender": "F",
    "nationality": "Netherlands",
    "vip_level": "Silver",
    "registration_date": "2021-11-23",
    "communication_preference": "SMS"
  },
  {
    "customer_id": "CUST_1003",
    "age": 43,
    "gender": "F",
    "nationality": "Germany",
    "vip_level": "Gold",
    "registration_date": "2021-01-13",
    "communication_preference": "SMS"
  },
  {
    "customer_id": "CUST_1004",
    "age": 44,
    "gender": "M",
    "nationality": "Greece",
    "vip_level": "Gold",
    "registration_date": "2021-10-05",
    "communication_preference": "email"
  },
  {
    "customer_id": "CUST_1005",
    "age": 23,
    "gender": "M",
    "nationality": "Azerbaijan",
    "vip_level": "Gold",
    "registration_date": "2021-06-20",
    "communication_preference": "email"
  },
  {
    "customer_id": "CUST_1006",
    "age": 69,
    "gender": "F",
    "nationality": "Kosovo",
    "vip_level": "Silver",
    "registration_date": "2021-09-23",
    "communication_preference": "SMS"
  },
  {
    "customer_id": "CUST_1007",
    "age": 61,
    "gender": "M",
    "nationality": "Kosovo",
    "vip_level": "Bronze",
    "registration_date": "2021-11-21",
    "communication_preference": "app"
  },
  {
    "customer_id": "CUST_1008",
    "age": 41,
    "gender": "M",
    "nationality": "Azerbaijan",
    "vip_level": "Bronze",
    "registration_date": "2021-04-02",
    "communication_preference": "app"
  },
  {
    "customer_id": "CUST_1009",
    "age": 53,
    "gender": "F",
    "nationality": "Azerbaijan",
    "vip_level": "Silver",
    "registration_date": "2021-04-22",
    "communication_preference": "SMS"
  },
  {
    "customer_id": "CUST_1010",
    "age": 65,
    "gender": "M",
    "nationality": "Bulgaria",
    "vip_level": "Silver",
    "registration_date": "2021-03-10",
    "communication_preference": "none"
  },
  {
    "customer_id": "CUST_1011",
    "age": 33,
    "gender": "F",
    "nationality": "Netherlands",
    "vip_level": "Gold",
    "registration_date": "2021-11-24",
    "communication_preference": "SMS"
  },
  {
    "customer_id": "CUST_1012",
    "age": 53,
    "gender": "F",
    "nationality": "Netherlands",
    "vip_level": "Silver",
    "registration_date": "2021-05-06",
    "communication_preference": "app"
  },
  {
    "customer_id": "CUST_1013",
    "age": 36,
    "gender": "F",
    "nationality": "Germany",
    "vip_level": "Gold",
    "registration_date": "2021-09-26",
    "communication_preference": "none"
  },
  {
    "customer_id": "CUST_1014",
    "age": 34,
    "gender": "M",
    "nationality": "Turkey",
    "vip_level": "Bronze",
    "registration_date": "2021-07-07",
    "communication_preference": "app"
  },
  {
    "customer_id": "CUST_1015",
    "age": 36,
    "gender": "F",
    "nationality": "Kosovo",
    "vip_level": "Silver",
    "registration_date": "2021-09-05",
    "communication_preference": "none"
  },
  {
    "customer_id": "CUST_1016",
    "age": 59,
    "gender": "M",
    "nationality": "Bulgaria",
    "vip_level": "Bronze",
    "registration_date": "2021-04-11",
    "communication_preference": "SMS"
  },
  {
    "customer_id": "CUST_1017",
    "age": 53,
    "gender": "F",
    "nationality": "Azerbaijan",
    "vip_level": "Bronze",
    "registration_date": "2021-12-07",
    "communication_preference": "SMS"
  },
  {
    "customer_id": "CUST_1018",
    "age": 26,
    "gender": "F",
    "nationality": "Kosovo",
    "vip_level": "Gold",
    "registration_date": "2021-02-16",
    "communication_preference": "SMS"
  },
  {
    "customer_id": "CUST_1019",
    "age": 39,
    "gender": "M",
    "nationality": "Kosovo",
    "vip_level": "Gold",
    "registration_date": "2021-10-11",
    "communication_preference": "none"
  },
  {
    "customer_id": "CUST_1020",
    "age": 48,
    "gender": "F",
    "nationality": "Bulgaria",
    "vip_level": "Bronze",
    "registration_date": "2021-03-14",
    "communication_preference": "SMS"
  },
  {
    "customer_id": "CUST_1021",
    "age": 49,
    "gender": "F",
    "nationality": "Greece",
    "vip_level": "Bronze",
    "registration_date": "2021-09-22",
    "communication_preference": "none"
  },
  {
    "customer_id": "CUST_1022",
    "age": 38,
    "gender": "M",
    "nationality": "Greece",
    "vip_level": "Gold",
    "registration_date": "2021-11-07",
    "communication_preference": "SMS"
  },
  {
    "customer_id": "CUST_1023",
    "age": 43,
    "gender": "F",
    "nationality": "Netherlands",
    "vip_level": "Bronze",
    "registration_date": "2021-08-20",
    "communication_preference": "none"
  },
  {
    "customer_id": "CUST_1024",
    "age": 37,
    "gender": "M",
    "nationality": "Greece",
    "vip_level": "Silver",
    "registration_date": "2021-11-18",
    "communication_preference": "SMS"
  },
  {
    "customer_id": "CUST_1025",
    "age": 30,
    "gender": "F",
    "nationality": "Bulgaria",
    "vip_level": "Bronze",
    "registration_date": "2021-01-23",
    "communication_preference": "none"
  },
  {
    "customer_id": "CUST_1026",
    "age": 24,
    "gender": "F",
    "nationality": "Netherlands",
    "vip_level": "Bronze",
    "registration_date": "2021-12-24",
    "communication_preference": "SMS"
  },
  {
    "customer_id": "CUST_1027",
    "age": 62,
    "gender": "M",
    "nationality": "Netherlands",
    "vip_level": "Bronze",
    "registration_date": "2021-12-05",
    "communication_preference": "app"
  },
  {
    "customer_id": "CUST_1028",
    "age": 47,
    "gender": "M",
    "nationality": "Greece",
    "vip_level": "Silver",
    "registration_date": "2021-03-17",
    "communication_preference": "none"
  },
  {
    "customer_id": "CUST_1029",
    "age": 40,
    "gender": "F",
    "nationality": "Netherlands",
    "vip_level": "Bronze",
    "registration_date": "2021-09-18",
    "communication_preference": "none"
  },
  {
    "customer_id": "CUST_1030",
    "age": 25,
    "gender": "M",
    "nationality": "Kosovo",
    "vip_level": "Bronze",
    "registration_date": "2021-09-07",
    "communication_preference": "email"
  },
  {
    "customer_id": "CUST_1031",
    "age": 24,
    "gender": "M",
    "nationality": "Kosovo",
    "vip_level": "Gold",
    "registration_date": "2021-11-12",
    "communication_preference": "email"
  },
  {
    "customer_id": "CUST_1032",
    "age": 63,
    "gender": "F",
    "nationality": "Netherlands",
    "vip_level": "Silver",
    "registration_date": "2021-10-27",
    "communication_preference": "email"
  },
  {
    "customer_id": "CUST_1033",
    "age": 39,
    "gender": "M",
    "nationality": "Turkey",
    "vip_level": "Gold",
    "registration_date": "2021-05-04",
    "communication_preference": "app"
  },
  {
    "customer_id": "CUST_1034",
    "age": 60,
    "gender": "M",
    "nationality": "Azerbaijan",
    "vip_level": "Silver",
    "registration_date": "2021-09-15",
    "communication_preference": "none"
  },
  {
    "customer_id": "CUST_1035",
    "age": 41,
    "gender": "M",
    "nationality": "Greece",
    "vip_level": "Bronze",
    "registration_date": "2021-03-05",
    "communication_preference": "SMS"
  },
  {
    "customer_id": "CUST_1036",
    "age": 30,
    "gender": "M",
    "nationality": "Turkey",
    "vip_level": "Silver",
    "registration_date": "2021-11-26",
    "communication_preference": "SMS"
  },
  {
    "customer_id": "CUST_1037",
    "age": 53,
    "gender": "M",
    "nationality": "Netherlands",
    "vip_level": "Silver",
    "registration_date": "2021-02-02",
    "communication_preference": "SMS"
  },
  {
    "customer_id": "CUST_1038",
    "age": 37,
    "gender": "M",
    "nationality": "Azerbaijan",
    "vip_level": "Bronze",
    "registration_date": "2021-11-26",
    "communication_preference": "SMS"
  },
  {
    "customer_id": "CUST_1039",
    "age": 65,
    "gender": "M",
    "nationality": "Kosovo",
    "vip_level": "Silver",
    "registration_date": "2021-12-09",
    "communication_preference": "none"
  },
  {
    "customer_id": "CUST_1040",
    "age": 23,
    "gender": "F",
    "nationality": "Kosovo",
    "vip_level": "Gold",
    "registration_date": "2021-09-27",
    "communication_preference": "SMS"
  },
  {
    "customer_id": "CUST_1041",
    "age": 60,
    "gender": "M",
    "nationality": "Netherlands",
    "vip_level": "Bronze",
    "registration_date": "2021-09-04",
    "communication_preference": "SMS"
  },
  {
    "customer_id": "CUST_1042",
    "age": 31,
    "gender": "M",
    "nationality": "Azerbaijan",
    "vip_level": "Silver",
    "registration_date": "2021-09-07",
    "communication_preference": "app"
  },
  {
    "customer_id": "CUST_1043",
    "age": 67,
    "gender": "F",
    "nationality": "Turkey",
    "vip_level": "Bronze",
    "registration_date": "2021-08-22",
    "communication_preference": "app"
  },
  {
    "customer_id": "CUST_1044",
    "age": 60,
    "gender": "M",
    "nationality": "Bulgaria",
    "vip_level": "Silver",
    "registration_date": "2021-09-17",
    "communication_preference": "app"
  },
  {
    "customer_id": "CUST_1045",
    "age": 44,
    "gender": "F",
    "nationality": "Germany",
    "vip_level": "Gold",
    "registration_date": "2021-11-19",
    "communication_preference": "SMS"
  },
  {
    "customer_id": "CUST_1046",
    "age": 59,
    "gender": "F",
    "nationality": "Azerbaijan",
    "vip_level": "Silver",
    "registration_date": "2021-07-12",
    "communication_preference": "none"
  },
  {
    "customer_id": "CUST_1047",
    "age": 37,
    "gender": "F",
    "nationality": "Turkey",
    "vip_level": "Bronze",
    "registration_date": "2021-12-23",
    "communication_preference": "none"
  },
  {
    "customer_id": "CUST_1048",
    "age": 64,
    "gender": "M",
    "nationality": "Turkey",
    "vip_level": "Silver",
    "registration_date": "2021-09-14",
    "communication_preference": "email"
  },
  {
    "customer_id": "CUST_1049",
    "age": 34,
    "gender": "M",
    "nationality": "Netherlands",
    "vip_level": "Gold",
    "registration_date": "2021-01-02",
    "communication_preference": "none"
  },
  {
    "customer_id": "CUST_1050",
    "age": 53,
    "gender": "F",
    "nationality": "Kosovo",
    "vip_level": "Bronze",
    "registration_date": "2021-04-02",
    "communication_preference": "none"
  },
  {
    "customer_id": "CUST_1051",
    "age": 43,
    "gender": "M",
    "nationality": "Netherlands",
    "vip_level": "Silver",
    "registration_date": "2021-04-10",
    "communication_preference": "SMS"
  },
  {
    "customer_id": "CUST_1052",
    "age": 39,
    "gender": "M",
    "nationality": "Turkey",
    "vip_level": "Silver",
    "registration_date": "2021-11-10",
    "communication_preference": "SMS"
  },
  {
    "customer_id": "CUST_1053",
    "age": 52,
    "gender": "M",
    "nationality": "Kosovo",
    "vip_level": "Silver",
    "registration_date": "2021-07-05",
    "communication_preference": "none"
  },
  {
    "customer_id": "CUST_1054",
    "age": 55,
    "gender": "M",
    "nationality": "Netherlands",
    "vip_level": "Gold",
    "registration_date": "2021-07-08",
    "communication_preference": "SMS"
  },
  {
    "customer_id": "CUST_1055",
    "age": 40,
    "gender": "F",
    "nationality": "Bulgaria",
    "vip_level": "Bronze",
    "registration_date": "2021-12-17",
    "communication_preference": "SMS"
  },
  {
    "customer_id": "CUST_1056",
    "age": 58,
    "gender": "F",
    "nationality": "Greece",
    "vip_level": "Gold",
    "registration_date": "2021-06-10",
    "communication_preference": "SMS"
  },
  {
    "customer_id": "CUST_1057",
    "age": 65,
    "gender": "F",
    "nationality": "Germany",
    "vip_level": "Silver",
    "registration_date": "2021-03-14",
    "communication_preference": "none"
  },
  {
    "customer_id": "CUST_1058",
    "age": 46,
    "gender": "M",
    "nationality": "Turkey",
    "vip_level": "Bronze",
    "registration_date": "2021-01-24",
    "communication_preference": "none"
  },
  {
    "customer_id": "CUST_1059",
    "age": 26,
    "gender": "F",
    "nationality": "Germany",
    "vip_level": "Silver",
    "registration_date": "2021-04-23",
    "communication_preference": "email"
  },
  {
    "customer_id": "CUST_1060",
    "age": 40,
    "gender": "F",
    "nationality": "Kosovo",
    "vip_level": "Silver",
    "registration_date": "2021-04-25",
    "communication_preference": "none"
  },
  {
    "customer_id": "CUST_1061",
    "age": 69,
    "gender": "M",
    "nationality": "Kosovo",
    "vip_level": "Bronze",
    "registration_date": "2021-04-08",
    "communication_preference": "SMS"
  },
  {
    "customer_id": "CUST_1062",
    "age": 30,
    "gender": "F",
    "nationality": "Bulgaria",
    "vip_level": "Gold",
    "registration_date": "2021-04-20",
    "communication_preference": "none"
  },
  {
    "customer_id": "CUST_1063",
    "age": 52,
    "gender": "M",
    "nationality": "Germany",
    "vip_level": "Silver",
    "registration_date": "2021-03-08",
    "communication_preference": "email"
  },
  {
    "customer_id": "CUST_1064",
    "age": 21,
    "gender": "M",
    "nationality": "Germany",
    "vip_level": "Gold",
    "registration_date": "2021-05-13",
    "communication_preference": "none"
  },
  {
    "customer_id": "CUST_1065",
    "age": 27,
    "gender": "M",
    "nationality": "Greece",
    "vip_level": "Silver",
    "registration_date": "2021-03-22",
    "communication_preference": "SMS"
  },
  {
    "customer_id": "CUST_1066",
    "age": 50,
    "gender": "F",
    "nationality": "Germany",
    "vip_level": "Silver",
    "registration_date": "2021-09-14",
    "communication_preference": "email"
  },
  {
    "customer_id": "CUST_1067",
    "age": 23,
    "gender": "M",
    "nationality": "Azerbaijan",
    "vip_level": "Bronze",
    "registration_date": "2021-03-28",
    "communication_preference": "SMS"
  },
  {
    "customer_id": "CUST_1068",
    "age": 21,
    "gender": "F",
    "nationality": "Germany",
    "vip_level": "Gold",
    "registration_date": "2021-12-15",
    "communication_preference": "app"
  },
  {
    "customer_id": "CUST_1069",
    "age": 38,
    "gender": "M",
    "nationality": "Netherlands",
    "vip_level": "Bronze",
    "registration_date": "2021-06-21",
    "communication_preference": "none"
  },
  {
    "customer_id": "CUST_1070",
    "age": 46,
    "gender": "M",
    "nationality": "Greece",
    "vip_level": "Gold",
    "registration_date": "2021-01-15",
    "communication_preference": "email"
  },
  {
    "customer_id": "CUST_1071",
    "age": 49,
    "gender": "M",
    "nationality": "Turkey",
    "vip_level": "Silver",
    "registration_date": "2021-09-26",
    "communication_preference": "none"
  },
  {
    "customer_id": "CUST_1072",
    "age": 26,
    "gender": "M",
    "nationality": "Germany",
    "vip_level": "Gold",
    "registration_date": "2021-07-02",
    "communication_preference": "app"
  },
  {
    "customer_id": "CUST_1073",
    "age": 39,
    "gender": "F",
    "nationality": "Germany",
    "vip_level": "Gold",
    "registration_date": "2021-04-11",
    "communication_preference": "email"
  },
  {
    "customer_id": "CUST_1074",
    "age": 22,
    "gender": "F",
    "nationality": "Turkey",
    "vip_level": "Silver",
    "registration_date": "2021-01-28",
    "communication_preference": "none"
  },
  {
    "customer_id": "CUST_1075",
    "age": 59,
    "gender": "M",
    "nationality": "Azerbaijan",
    "vip_level": "Bronze",
    "registration_date": "2021-09-11",
    "communication_preference": "email"
  },
  {
    "customer_id": "CUST_1076",
    "age": 58,
    "gender": "M",
    "nationality": "Kosovo",
    "vip_level": "Silver",
    "registration_date": "2021-01-11",
    "communication_preference": "SMS"
  },
  {
    "customer_id": "CUST_1077",
    "age": 29,
    "gender": "M",
    "nationality": "Germany",
    "vip_level": "Gold",
    "registration_date": "2021-09-08",
    "communication_preference": "none"
  },
  {
    "customer_id": "CUST_1078",
    "age": 61,
    "gender": "F",
    "nationality": "Greece",
    "vip_level": "Bronze",
    "registration_date": "2021-10-25",
    "communication_preference": "none"
  },
  {
    "customer_id": "CUST_1079",
    "age": 22,
    "gender": "F",
    "nationality": "Bulgaria",
    "vip_level": "Bronze",
    "registration_date": "2021-03-28",
    "communication_preference": "email"
  },
  {
    "customer_id": "CUST_1080",
    "age": 34,
    "gender": "M",
    "nationality": "Azerbaijan",
    "vip_level": "Silver",
    "registration_date": "2021-06-27",
    "communication_preference": "app"
  },
  {
    "customer_id": "CUST_1081",
    "age": 48,
    "gender": "M",
    "nationality": "Germany",
    "vip_level": "Bronze",
    "registration_date": "2021-01-02",
    "communication_preference": "email"
  },
  {
    "customer_id": "CUST_1082",
    "age": 52,
    "gender": "F",
    "nationality": "Germany",
    "vip_level": "Gold",
    "registration_date": "2021-08-14",
    "communication_preference": "email"
  },
  {
    "customer_id": "CUST_1083",
    "age": 28,
    "gender": "M",
    "nationality": "Germany",
    "vip_level": "Bronze",
    "registration_date": "2021-11-02",
    "communication_preference": "app"
  },
  {
    "customer_id": "CUST_1084",
    "age": 36,
    "gender": "M",
    "nationality": "Turkey",
    "vip_level": "Bronze",
    "registration_date": "2021-04-14",
    "communication_preference": "none"
  },
  {
    "customer_id": "CUST_1085",
    "age": 38,
    "gender": "M",
    "nationality": "Netherlands",
    "vip_level": "Bronze",
    "registration_date": "2021-11-03",
    "communication_preference": "none"
  },
  {
    "customer_id": "CUST_1086",
    "age": 68,
    "gender": "M",
    "nationality": "Azerbaijan",
    "vip_level": "Gold",
    "registration_date": "2021-03-19",
    "communication_preference": "SMS"
  },
  {
    "customer_id": "CUST_1087",
    "age": 40,
    "gender": "M",
    "nationality": "Bulgaria",
    "vip_level": "Silver",
    "registration_date": "2021-07-10",
    "communication_preference": "app"
  },
  {
    "customer_id": "CUST_1088",
    "age": 69,
    "gender": "M",
    "nationality": "Turkey",
    "vip_level": "Silver",
    "registration_date": "2021-05-14",
    "communication_preference": "email"
  },
  {
    "customer_id": "CUST_1089",
    "age": 22,
    "gender": "M",
    "nationality": "Germany",
    "vip_level": "Gold",
    "registration_date": "2021-05-09",
    "communication_preference": "app"
  },
  {
    "customer_id": "CUST_1090",
    "age": 43,
    "gender": "M",
    "nationality": "Germany",
    "vip_level": "Silver",
    "registration_date": "2021-05-08",
    "communication_preference": "app"
  },
  {
    "customer_id": "CUST_1091",
    "age": 27,
    "gender": "M",
    "nationality": "Netherlands",
    "vip_level": "Gold",
    "registration_date": "2021-08-17",
    "communication_preference": "none"
  },
  {
    "customer_id": "CUST_1092",
    "age": 37,
    "gender": "F",
    "nationality": "Germany",
    "vip_level": "Bronze",
    "registration_date": "2021-02-01",
    "communication_preference": "none"
  },
  {
    "customer_id": "CUST_1093",
    "age": 34,
    "gender": "M",
    "nationality": "Turkey",
    "vip_level": "Bronze",
    "registration_date": "2021-11-05",
    "communication_preference": "SMS"
  },
  {
    "customer_id": "CUST_1094",
    "age": 34,
    "gender": "M",
    "nationality": "Netherlands",
    "vip_level": "Silver",
    "registration_date": "2021-04-23",
    "communication_preference": "SMS"
  },
  {
    "customer_id": "CUST_1095",
    "age": 47,
    "gender": "F",
    "nationality": "Kosovo",
    "vip_level": "Silver",
    "registration_date": "2021-11-27",
    "communication_preference": "SMS"
  },
  {
    "customer_id": "CUST_1096",
    "age": 69,
    "gender": "F",
    "nationality": "Greece",
    "vip_level": "Gold",
    "registration_date": "2021-09-21",
    "communication_preference": "app"
  },
  {
    "customer_id": "CUST_1097",
    "age": 23,
    "gender": "M",
    "nationality": "Kosovo",
    "vip_level": "Bronze",
    "registration_date": "2021-01-25",
    "communication_preference": "none"
  },
  {
    "customer_id": "CUST_1098",
    "age": 64,
    "gender": "F",
    "nationality": "Bulgaria",
    "vip_level": "Silver",
    "registration_date": "2021-02-07",
    "communication_preference": "app"
  },
  {
    "customer_id": "CUST_1099",
    "age": 64,
    "gender": "F",
    "nationality": "Turkey",
    "vip_level": "Silver",
    "registration_date": "2021-12-01",
    "communication_preference": "none"
  },
  {
    "customer_id": "CUST_1100",
    "age": 36,
    "gender": "F",
    "nationality": "Netherlands",
    "vip_level": "Bronze",
    "registration_date": "2021-05-12",
    "communication_preference": "SMS"
  },
  {
    "customer_id": "CUST_1101",
    "age": 35,
    "gender": "M",
    "nationality": "Germany",
    "vip_level": "Bronze",
    "registration_date": "2021-06-21",
    "communication_preference": "none"
  },
  {
    "customer_id": "CUST_1102",
    "age": 30,
    "gender": "M",
    "nationality": "Bulgaria",
    "vip_level": "Bronze",
    "registration_date": "2021-07-28",
    "communication_preference": "none"
  },
  {
    "customer_id": "CUST_1103",
    "age": 36,
    "gender": "F",
    "nationality": "Azerbaijan",
    "vip_level": "Silver",
    "registration_date": "2021-11-16",
    "communication_preference": "SMS"
  },
  {
    "customer_id": "CUST_1104",
    "age": 31,
    "gender": "F",
    "nationality": "Netherlands",
    "vip_level": "Gold",
    "registration_date": "2021-08-24",
    "communication_preference": "email"
  },
  {
    "customer_id": "CUST_1105",
    "age": 56,
    "gender": "M",
    "nationality": "Kosovo",
    "vip_level": "Gold",
    "registration_date": "2021-12-15",
    "communication_preference": "app"
  },
  {
    "customer_id": "CUST_1106",
    "age": 27,
    "gender": "F",
    "nationality": "Netherlands",
    "vip_level": "Bronze",
    "registration_date": "2021-06-19",
    "communication_preference": "none"
  },
  {
    "customer_id": "CUST_1107",
    "age": 50,
    "gender": "M",
    "nationality": "Azerbaijan",
    "vip_level": "Bronze",
    "registration_date": "2021-01-16",
    "communication_preference": "none"
  },
  {
    "customer_id": "CUST_1108",
    "age": 62,
    "gender": "M",
    "nationality": "Bulgaria",
    "vip_level": "Silver",
    "registration_date": "2021-04-18",
    "communication_preference": "SMS"
  },
  {
    "customer_id": "CUST_1109",
    "age": 28,
    "gender": "F",
    "nationality": "Kosovo",
    "vip_level": "Gold",
    "registration_date": "2021-02-14",
    "communication_preference": "app"
  },
  {
    "customer_id": "CUST_1110",
    "age": 30,
    "gender": "F",
    "nationality": "Kosovo",
    "vip_level": "Gold",
    "registration_date": "2021-03-02",
    "communication_preference": "SMS"
  },
  {
    "customer_id": "CUST_1111",
    "age": 36,
    "gender": "M",
    "nationality": "Azerbaijan",
    "vip_level": "Silver",
    "registration_date": "2021-05-14",
    "communication_preference": "SMS"
  },
  {
    "customer_id": "CUST_1112",
    "age": 34,
    "gender": "M",
    "nationality": "Turkey",
    "vip_level": "Silver",
    "registration_date": "2021-06-20",
    "communication_preference": "none"
  },
  {
    "customer_id": "CUST_1113",
    "age": 63,
    "gender": "M",
    "nationality": "Azerbaijan",
    "vip_level": "Bronze",
    "registration_date": "2021-01-07",
    "communication_preference": "none"
  },
  {
    "customer_id": "CUST_1114",
    "age": 39,
    "gender": "F",
    "nationality": "Bulgaria",
    "vip_level": "Silver",
    "registration_date": "2021-01-15",
    "communication_preference": "app"
  },
  {
    "customer_id": "CUST_1115",
    "age": 68,
    "gender": "F",
    "nationality": "Germany",
    "vip_level": "Bronze",
    "registration_date": "2021-11-13",
    "communication_preference": "SMS"
  },
  {
    "customer_id": "CUST_1116",
    "age": 33,
    "gender": "M",
    "nationality": "Kosovo",
    "vip_level": "Silver",
    "registration_date": "2021-08-16",
    "communication_preference": "email"
  },
  {
    "customer_id": "CUST_1117",
    "age": 62,
    "gender": "F",
    "nationality": "Kosovo",
    "vip_level": "Silver",
    "registration_date": "2021-04-25",
    "communication_preference": "SMS"
  },
  {
    "customer_id": "CUST_1118",
    "age": 33,
    "gender": "M",
    "nationality": "Germany",
    "vip_level": "Bronze",
    "registration_date": "2021-01-14",
    "communication_preference": "SMS"
  },
  {
    "customer_id": "CUST_1119",
    "age": 23,
    "gender": "F",
    "nationality": "Netherlands",
    "vip_level": "Silver",
    "registration_date": "2021-01-13",
    "communication_preference": "app"
  },
  {
    "customer_id": "CUST_1120",
    "age": 27,
    "gender": "F",
    "nationality": "Netherlands",
    "vip_level": "Silver",
    "registration_date": "2021-07-01",
    "communication_preference": "email"
  },
  {
    "customer_id": "CUST_1121",
    "age": 51,
    "gender": "F",
    "nationality": "Azerbaijan",
    "vip_level": "Silver",
    "registration_date": "2021-04-14",
    "communication_preference": "SMS"
  },
  {
    "customer_id": "CUST_1122",
    "age": 58,
    "gender": "F",
    "nationality": "Germany",
    "vip_level": "Bronze",
    "registration_date": "2021-12-12",
    "communication_preference": "none"
  },
  {
    "customer_id": "CUST_1123",
    "age": 40,
    "gender": "M",
    "nationality": "Kosovo",
    "vip_level": "Gold",
    "registration_date": "2021-10-03",
    "communication_preference": "app"
  },
  {
    "customer_id": "CUST_1124",
    "age": 30,
    "gender": "M",
    "nationality": "Germany",
    "vip_level": "Silver",
    "registration_date": "2021-01-24",
    "communication_preference": "none"
  },
  {
    "customer_id": "CUST_1125",
    "age": 67,
    "gender": "M",
    "nationality": "Kosovo",
    "vip_level": "Gold",
    "registration_date": "2021-03-15",
    "communication_preference": "SMS"
  },
  {
    "customer_id": "CUST_1126",
    "age": 33,
    "gender": "M",
    "nationality": "Bulgaria",
    "vip_level": "Bronze",
    "registration_date": "2021-12-11",
    "communication_preference": "app"
  },
  {
    "customer_id": "CUST_1127",
    "age": 66,
    "gender": "M",
    "nationality": "Azerbaijan",
    "vip_level": "Bronze",
    "registration_date": "2021-02-14",
    "communication_preference": "email"
  },
  {
    "customer_id": "CUST_1128",
    "age": 47,
    "gender": "M",
    "nationality": "Azerbaijan",
    "vip_level": "Silver",
    "registration_date": "2021-05-24",
    "communication_preference": "email"
  },
  {
    "customer_id": "CUST_1129",
    "age": 22,
    "gender": "F",
    "nationality": "Azerbaijan",
    "vip_level": "Gold",
    "registration_date": "2021-03-12",
    "communication_preference": "app"
  },
  {
    "customer_id": "CUST_1130",
    "age": 46,
    "gender": "F",
    "nationality": "Azerbaijan",
    "vip_level": "Silver",
    "registration_date": "2021-03-09",
    "communication_preference": "SMS"
  },
  {
    "customer_id": "CUST_1131",
    "age": 46,
    "gender": "F",
    "nationality": "Bulgaria",
    "vip_level": "Bronze",
    "registration_date": "2021-01-27",
    "communication_preference": "email"
  },
  {
    "customer_id": "CUST_1132",
    "age": 31,
    "gender": "F",
    "nationality": "Azerbaijan",
    "vip_level": "Silver",
    "registration_date": "2021-04-15",
    "communication_preference": "none"
  },
  {
    "customer_id": "CUST_1133",
    "age": 54,
    "gender": "F",
    "nationality": "Germany",
    "vip_level": "Gold",
    "registration_date": "2021-10-03",
    "communication_preference": "none"
  },
  {
    "customer_id": "CUST_1134",
    "age": 65,
    "gender": "F",
    "nationality": "Netherlands",
    "vip_level": "Gold",
    "registration_date": "2021-03-19",
    "communication_preference": "SMS"
  },
  {
    "customer_id": "CUST_1135",
    "age": 56,
    "gender": "M",
    "nationality": "Azerbaijan",
    "vip_level": "Silver",
    "registration_date": "2021-05-16",
    "communication_preference": "none"
  },
  {
    "customer_id": "CUST_1136",
    "age": 43,
    "gender": "M",
    "nationality": "Bulgaria",
    "vip_level": "Bronze",
    "registration_date": "2021-04-23",
    "communication_preference": "none"
  },
  {
    "customer_id": "CUST_1137",
    "age": 56,
    "gender": "F",
    "nationality": "Kosovo",
    "vip_level": "Silver",
    "registration_date": "2021-11-22",
    "communication_preference": "SMS"
  },
  {
    "customer_id": "CUST_1138",
    "age": 40,
    "gender": "M",
    "nationality": "Kosovo",
    "vip_level": "Silver",
    "registration_date": "2021-09-08",
    "communication_preference": "email"
  },
  {
    "customer_id": "CUST_1139",
    "age": 21,
    "gender": "M",
    "nationality": "Bulgaria",
    "vip_level": "Gold",
    "registration_date": "2021-11-26",
    "communication_preference": "none"
  },
  {
    "customer_id": "CUST_1140",
    "age": 30,
    "gender": "M",
    "nationality": "Greece",
    "vip_level": "Gold",
    "registration_date": "2021-03-06",
    "communication_preference": "email"
  },
  {
    "customer_id": "CUST_1141",
    "age": 31,
    "gender": "M",
    "nationality": "Greece",
    "vip_level": "Bronze",
    "registration_date": "2021-01-22",
    "communication_preference": "app"
  },
  {
    "customer_id": "CUST_1142",
    "age": 62,
    "gender": "F",
    "nationality": "Kosovo",
    "vip_level": "Bronze",
    "registration_date": "2021-09-08",
    "communication_preference": "email"
  },
  {
    "customer_id": "CUST_1143",
    "age": 36,
    "gender": "M",
    "nationality": "Bulgaria",
    "vip_level": "Gold",
    "registration_date": "2021-10-19",
    "communication_preference": "email"
  },
  {
    "customer_id": "CUST_1144",
    "age": 63,
    "gender": "F",
    "nationality": "Greece",
    "vip_level": "Silver",
    "registration_date": "2021-02-04",
    "communication_preference": "app"
  },
  {
    "customer_id": "CUST_1145",
    "age": 54,
    "gender": "M",
    "nationality": "Kosovo",
    "vip_level": "Silver",
    "registration_date": "2021-01-07",
    "communication_preference": "email"
  },
  {
    "customer_id": "CUST_1146",
    "age": 64,
    "gender": "F",
    "nationality": "Kosovo",
    "vip_level": "Bronze",
    "registration_date": "2021-07-17",
    "communication_preference": "none"
  },
  {
    "customer_id": "CUST_1147",
    "age": 23,
    "gender": "M",
    "nationality": "Turkey",
    "vip_level": "Silver",
    "registration_date": "2021-01-27",
    "communication_preference": "none"
  },
  {
    "customer_id": "CUST_1148",
    "age": 41,
    "gender": "F",
    "nationality": "Bulgaria",
    "vip_level": "Gold",
    "registration_date": "2021-09-02",
    "communication_preference": "none"
  },
  {
    "customer_id": "CUST_1149",
    "age": 34,
    "gender": "F",
    "nationality": "Azerbaijan",
    "vip_level": "Silver",
    "registration_date": "2021-01-15",
    "communication_preference": "none"
  },
  {
    "customer_id": "CUST_1150",
    "age": 48,
    "gender": "M",
    "nationality": "Greece",
    "vip_level": "Bronze",
    "registration_date": "2021-05-15",
    "communication_preference": "SMS"
  },
  {
    "customer_id": "CUST_1151",
    "age": 31,
    "gender": "F",
    "nationality": "Kosovo",
    "vip_level": "Bronze",
    "registration_date": "2021-05-10",
    "communication_preference": "none"
  },
  {
    "customer_id": "CUST_1152",
    "age": 62,
    "gender": "F",
    "nationality": "Germany",
    "vip_level": "Bronze",
    "registration_date": "2021-10-19",
    "communication_preference": "none"
  },
  {
    "customer_id": "CUST_1153",
    "age": 34,
    "gender": "F",
    "nationality": "Kosovo",
    "vip_level": "Silver",
    "registration_date": "2021-12-25",
    "communication_preference": "none"
  },
  {
    "customer_id": "CUST_1154",
    "age": 54,
    "gender": "M",
    "nationality": "Azerbaijan",
    "vip_level": "Bronze",
    "registration_date": "2021-10-18",
    "communication_preference": "email"
  },
  {
    "customer_id": "CUST_1155",
    "age": 38,
    "gender": "F",
    "nationality": "Bulgaria",
    "vip_level": "Gold",
    "registration_date": "2021-12-12",
    "communication_preference": "email"
  },
  {
    "customer_id": "CUST_1156",
    "age": 66,
    "gender": "F",
    "nationality": "Kosovo",
    "vip_level": "Bronze",
    "registration_date": "2021-05-17",
    "communication_preference": "app"
  },
  {
    "customer_id": "CUST_1157",
    "age": 43,
    "gender": "M",
    "nationality": "Germany",
    "vip_level": "Bronze",
    "registration_date": "2021-02-07",
    "communication_preference": "email"
  },
  {
    "customer_id": "CUST_1158",
    "age": 49,
    "gender": "F",
    "nationality": "Netherlands",
    "vip_level": "Gold",
    "registration_date": "2021-03-08",
    "communication_preference": "app"
  },
  {
    "customer_id": "CUST_1159",
    "age": 36,
    "gender": "F",
    "nationality": "Azerbaijan",
    "vip_level": "Gold",
    "registration_date": "2021-06-12",
    "communication_preference": "email"
  },
  {
    "customer_id": "CUST_1160",
    "age": 62,
    "gender": "M",
    "nationality": "Azerbaijan",
    "vip_level": "Gold",
    "registration_date": "2021-07-21",
    "communication_preference": "none"
  },
  {
    "customer_id": "CUST_1161",
    "age": 22,
    "gender": "M",
    "nationality": "Kosovo",
    "vip_level": "Bronze",
    "registration_date": "2021-04-16",
    "communication_preference": "none"
  },
  {
    "customer_id": "CUST_1162",
    "age": 49,
    "gender": "M",
    "nationality": "Greece",
    "vip_level": "Silver",
    "registration_date": "2021-05-16",
    "communication_preference": "email"
  },
  {
    "customer_id": "CUST_1163",
    "age": 30,
    "gender": "F",
    "nationality": "Kosovo",
    "vip_level": "Silver",
    "registration_date": "2021-04-19",
    "communication_preference": "none"
  },
  {
    "customer_id": "CUST_1164",
    "age": 51,
    "gender": "F",
    "nationality": "Azerbaijan",
    "vip_level": "Gold",
    "registration_date": "2021-08-02",
    "communication_preference": "SMS"
  },
  {
    "customer_id": "CUST_1165",
    "age": 67,
    "gender": "M",
    "nationality": "Kosovo",
    "vip_level": "Silver",
    "registration_date": "2021-11-22",
    "communication_preference": "SMS"
  },
  {
    "customer_id": "CUST_1166",
    "age": 30,
    "gender": "F",
    "nationality": "Azerbaijan",
    "vip_level": "Gold",
    "registration_date": "2021-07-09",
    "communication_preference": "app"
  },
  {
    "customer_id": "CUST_1167",
    "age": 35,
    "gender": "F",
    "nationality": "Azerbaijan",
    "vip_level": "Gold",
    "registration_date": "2021-12-06",
    "communication_preference": "SMS"
  },
  {
    "customer_id": "CUST_1168",
    "age": 57,
    "gender": "F",
    "nationality": "Azerbaijan",
    "vip_level": "Bronze",
    "registration_date": "2021-10-02",
    "communication_preference": "none"
  },
  {
    "customer_id": "CUST_1169",
    "age": 57,
    "gender": "F",
    "nationality": "Kosovo",
    "vip_level": "Gold",
    "registration_date": "2021-10-18",
    "communication_preference": "none"
  },
  {
    "customer_id": "CUST_1170",
    "age": 55,
    "gender": "M",
    "nationality": "Azerbaijan",
    "vip_level": "Bronze",
    "registration_date": "2021-01-17",
    "communication_preference": "email"
  },
  {
    "customer_id": "CUST_1171",
    "age": 66,
    "gender": "F",
    "nationality": "Bulgaria",
    "vip_level": "Gold",
    "registration_date": "2021-09-10",
    "communication_preference": "app"
  },
  {
    "customer_id": "CUST_1172",
    "age": 57,
    "gender": "M",
    "nationality": "Germany",
    "vip_level": "Gold",
    "registration_date": "2021-06-08",
    "communication_preference": "email"
  },
  {
    "customer_id": "CUST_1173",
    "age": 30,
    "gender": "F",
    "nationality": "Greece",
    "vip_level": "Bronze",
    "registration_date": "2021-01-06",
    "communication_preference": "none"
  },
  {
    "customer_id": "CUST_1174",
    "age": 53,
    "gender": "F",
    "nationality": "Turkey",
    "vip_level": "Silver",
    "registration_date": "2021-01-11",
    "communication_preference": "SMS"
  },
  {
    "customer_id": "CUST_1175",
    "age": 35,
    "gender": "F",
    "nationality": "Bulgaria",
    "vip_level": "Silver",
    "registration_date": "2021-10-14",
    "communication_preference": "SMS"
  },
  {
    "customer_id": "CUST_1176",
    "age": 30,
    "gender": "F",
    "nationality": "Azerbaijan",
    "vip_level": "Silver",
    "registration_date": "2021-09-22",
    "communication_preference": "app"
  },
  {
    "customer_id": "CUST_1177",
    "age": 69,
    "gender": "M",
    "nationality": "Azerbaijan",
    "vip_level": "Gold",
    "registration_date": "2021-08-20",
    "communication_preference": "none"
  },
  {
    "customer_id": "CUST_1178",
    "age": 28,
    "gender": "M",
    "nationality": "Turkey",
    "vip_level": "Bronze",
    "registration_date": "2021-05-07",
    "communication_preference": "none"
  },
  {
    "customer_id": "CUST_1179",
    "age": 41,
    "gender": "F",
    "nationality": "Turkey",
    "vip_level": "Bronze",
    "registration_date": "2021-12-06",
    "communication_preference": "none"
  },
  {
    "customer_id": "CUST_1180",
    "age": 65,
    "gender": "M",
    "nationality": "Turkey",
    "vip_level": "Silver",
    "registration_date": "2021-09-19",
    "communication_preference": "app"
  },
  {
    "customer_id": "CUST_1181",
    "age": 59,
    "gender": "F",
    "nationality": "Azerbaijan",
    "vip_level": "Gold",
    "registration_date": "2021-10-22",
    "communication_preference": "SMS"
  },
  {
    "customer_id": "CUST_1182",
    "age": 62,
    "gender": "F",
    "nationality": "Netherlands",
    "vip_level": "Silver",
    "registration_date": "2021-04-28",
    "communication_preference": "app"
  },
  {
    "customer_id": "CUST_1183",
    "age": 29,
    "gender": "F",
    "nationality": "Germany",
    "vip_level": "Bronze",
    "registration_date": "2021-03-06",
    "communication_preference": "email"
  },
  {
    "customer_id": "CUST_1184",
    "age": 48,
    "gender": "M",
    "nationality": "Bulgaria",
    "vip_level": "Bronze",
    "registration_date": "2021-10-26",
    "communication_preference": "app"
  },
  {
    "customer_id": "CUST_1185",
    "age": 55,
    "gender": "M",
    "nationality": "Netherlands",
    "vip_level": "Bronze",
    "registration_date": "2021-01-04",
    "communication_preference": "SMS"
  },
  {
    "customer_id": "CUST_1186",
    "age": 28,
    "gender": "F",
    "nationality": "Azerbaijan",
    "vip_level": "Bronze",
    "registration_date": "2021-02-20",
    "communication_preference": "none"
  },
  {
    "customer_id": "CUST_1187",
    "age": 47,
    "gender": "M",
    "nationality": "Turkey",
    "vip_level": "Bronze",
    "registration_date": "2021-12-22",
    "communication_preference": "SMS"
  },
  {
    "customer_id": "CUST_1188",
    "age": 52,
    "gender": "F",
    "nationality": "Germany",
    "vip_level": "Silver",
    "registration_date": "2021-04-27",
    "communication_preference": "SMS"
  },
  {
    "customer_id": "CUST_1189",
    "age": 53,
    "gender": "F",
    "nationality": "Azerbaijan",
    "vip_level": "Gold",
    "registration_date": "2021-07-15",
    "communication_preference": "SMS"
  },
  {
    "customer_id": "CUST_1190",
    "age": 21,
    "gender": "M",
    "nationality": "Turkey",
    "vip_level": "Bronze",
    "registration_date": "2021-05-19",
    "communication_preference": "app"
  },
  {
    "customer_id": "CUST_1191",
    "age": 41,
    "gender": "F",
    "nationality": "Netherlands",
    "vip_level": "Bronze",
    "registration_date": "2021-10-01",
    "communication_preference": "email"
  },
  {
    "customer_id": "CUST_1192",
    "age": 67,
    "gender": "M",
    "nationality": "Greece",
    "vip_level": "Silver",
    "registration_date": "2021-11-26",
    "communication_preference": "none"
  },
  {
    "customer_id": "CUST_1193",
    "age": 37,
    "gender": "F",
    "nationality": "Greece",
    "vip_level": "Gold",
    "registration_date": "2021-03-11",
    "communication_preference": "email"
  },
  {
    "customer_id": "CUST_1194",
    "age": 53,
    "gender": "M",
    "nationality": "Bulgaria",
    "vip_level": "Gold",
    "registration_date": "2021-10-14",
    "communication_preference": "SMS"
  },
  {
    "customer_id": "CUST_1195",
    "age": 26,
    "gender": "M",
    "nationality": "Greece",
    "vip_level": "Silver",
    "registration_date": "2021-09-02",
    "communication_preference": "SMS"
  },
  {
    "customer_id": "CUST_1196",
    "age": 44,
    "gender": "F",
    "nationality": "Netherlands",
    "vip_level": "Silver",
    "registration_date": "2021-03-07",
    "communication_preference": "SMS"
  },
  {
    "customer_id": "CUST_1197",
    "age": 56,
    "gender": "M",
    "nationality": "Azerbaijan",
    "vip_level": "Silver",
    "registration_date": "2021-01-02",
    "communication_preference": "SMS"
  },
  {
    "customer_id": "CUST_1198",
    "age": 34,
    "gender": "M",
    "nationality": "Kosovo",
    "vip_level": "Silver",
    "registration_date": "2021-09-07",
    "communication_preference": "SMS"
  },
  {
    "customer_id": "CUST_1199",
    "age": 50,
    "gender": "F",
    "nationality": "Bulgaria",
    "vip_level": "Silver",
    "registration_date": "2021-03-24",
    "communication_preference": "app"
  }
]