<SlotLog><Session><CustomerID>CUST_1000</CustomerID><MachineID>10</MachineID><RTP>93.77</RTP><GameType>Progressive</GameType><BetAmount>78.54</BetAmount><WinAmount>137.5</WinAmount><SessionDuration>30</SessionDuration><Timestamp>2024-05-08T03:35</Timestamp><Symbols>7,7,BAR</Symbols><SessionID>S10000</SessionID></Session><Session><CustomerID>CUST_1001</CustomerID><MachineID>12</MachineID><RTP>95.19</RTP><GameType>Classic</GameType><BetAmount>54.01</BetAmount><WinAmount>142.19</WinAmount><SessionDuration>17</SessionDuration><Timestamp>2024-05-04T20:28</Timestamp><Symbols>WILD,7,CHERRY</Symbols><SessionID>S10001</SessionID></Session><Session><CustomerID>CUST_1002</CustomerID><MachineID>3</MachineID><RTP>94.47</RTP><GameType>Video</GameType><BetAmount>76.1</BetAmount><WinAmount>81.39</WinAmount><SessionDuration>12</SessionDuration><Timestamp>2024-05-24T15:30</Timestamp><Symbols>WILD,BAR,BAR</Symbols><SessionID>S10002</SessionID></Session><Session><CustomerID>CUST_1003</CustomerID><MachineID>43</MachineID><RTP>90.32</RTP><GameType>Progressive</GameType><BetAmount>97.15</BetAmount><WinAmount>115.9</WinAmount><SessionDuration>26</SessionDuration><Timestamp>2024-05-28T07:54</Timestamp><Symbols>BAR,CHERRY,CHERRY</Symbols><SessionID>S10003</SessionID></Session><Session><CustomerID>CUST_1004</CustomerID><MachineID>1</MachineID><RTP>87.87</RTP><GameType>Classic</GameType><BetAmount>94.78</BetAmount><WinAmount>82.19</WinAmount><SessionDuration>14</SessionDuration><Timestamp>2024-05-26T19:39</Timestamp><Symbols>CHERRY,WILD,WILD</Symbols><SessionID>S10004</SessionID></Session><Session><CustomerID>CUST_1005</CustomerID><MachineID>25</MachineID><RTP>93.73</RTP><GameType>Video</GameType><BetAmount>36.63</BetAmount><WinAmount>89.37</WinAmount><SessionDuration>28</SessionDuration><Timestamp>2024-05-23T14:32</Timestamp><Symbols>WILD,WILD,7</Symbols><SessionID>S10005</SessionID></Session><Session><CustomerID>CUST_1006</CustomerID><MachineID>43</MachineID><RTP>87.05</RTP><GameType>Classic</GameType><BetAmount>62.35</BetAmount><WinAmount>50.72</WinAmount><SessionDuration>16</SessionDuration><Timestamp>2024-05-09T13:06</Timestamp><Symbols>7,BAR,WILD</Symbols><SessionID>S10006</SessionID></Session><Session><CustomerID>CUST_1007</CustomerID><MachineID>10</MachineID><RTP>88.46</RTP><GameType>Progressive</GameType><BetAmount>31.77</BetAmount><WinAmount>44.93</WinAmount><SessionDuration>23</SessionDuration><Timestamp>2024-05-15T21:37</Timestamp><Symbols>BAR,WILD,CHERRY</Symbols><SessionID>S10007</SessionID></Session><Session><CustomerID>CUST_1008</CustomerID><MachineID>27</MachineID><RTP>92.32</RTP><GameType>Progressive</GameType><BetAmount>57.12</BetAmount><WinAmount>48.81</WinAmount><SessionDuration>11</SessionDuration><Timestamp>2024-05-02T06:33</Timestamp><Symbols>WILD,WILD,7</Symbols><SessionID>S10008</SessionID></Session><Session><CustomerID>CUST_1009</CustomerID><MachineID>38</MachineID><RTP>92.23</RTP><GameType>Classic</GameType><BetAmount>33.66</BetAmount><WinAmount>110.49</WinAmount><SessionDuration>25</SessionDuration><Timestamp>2024-05-28T14:06</Timestamp><Symbols>BAR,7,CHERRY</Symbols><SessionID>S10009</SessionID></Session><Session><CustomerID>CUST_1010</CustomerID><MachineID>46</MachineID><RTP>90.83</RTP><GameType>Classic</GameType><BetAmount>99.03</BetAmount><WinAmount>119.62</WinAmount><SessionDuration>20</SessionDuration><Timestamp>2024-05-01T14:52</Timestamp><Symbols>7,7,CHERRY</Symbols><SessionID>S10010</SessionID></Session><Session><CustomerID>CUST_1011</CustomerID><MachineID>8</MachineID><RTP>89.25</RTP><GameType>Progressive</GameType><BetAmount>45.55</BetAmount><WinAmount>60.23</WinAmount><SessionDuration>10</SessionDuration><Timestamp>2024-05-16T14:51</Timestamp><Symbols>7,WILD,7</Symbols><SessionID>S10011</SessionID></Session><Session><CustomerID>CUST_1012</CustomerID><MachineID>42</MachineID><RTP>96.77</RTP><GameType>Video</GameType><BetAmount>55.86</BetAmount><WinAmount>39.18</WinAmount><SessionDuration>14</SessionDuration><Timestamp>2024-05-10T13:57</Timestamp><Symbols>CHERRY,WILD,CHERRY</Symbols><SessionID>S10012</SessionID></Session><Session><CustomerID>CUST_1013</CustomerID><MachineID>46</MachineID><RTP>95.33</RTP><GameType>Classic</GameType><BetAmount>62.91</BetAmount><WinAmount>56.7</WinAmount><SessionDuration>24</SessionDuration><Timestamp>2024-05-22T10:46</Timestamp><Symbols>7,7,BAR</Symbols><SessionID>S10013</SessionID></Session><Session><CustomerID>CUST_1014</CustomerID><MachineID>25</MachineID><RTP>92.72</RTP><GameType>Video</GameType><BetAmount>81.78</BetAmount><WinAmount>146.2</WinAmount><SessionDuration>16</SessionDuration><Timestamp>2024-05-19T11:08</Timestamp><Symbols>7,BAR,BAR</Symbols><SessionID>S10014</SessionID></Session><Session><CustomerID>CUST_1015</CustomerID><MachineID>45</MachineID><RTP>86.02</RTP><GameType>Video</GameType><BetAmount>77.36</BetAmount><WinAmount>117.7</WinAmount><SessionDuration>22</SessionDuration><Timestamp>2024-05-17T00:09</Timestamp><Symbols>7,CHERRY,BAR</Symbols><SessionID>S10015</SessionID></Session><Session><CustomerID>CUST_1016</CustomerID><MachineID>2</MachineID><RTP>87.85</RTP><GameType>Video</GameType><BetAmount>62.62</BetAmount><WinAmount>110.87</WinAmount><SessionDuration>14</SessionDuration><Timestamp>2024-05-20T01:20</Timestamp><Symbols>7,CHERRY,7</Symbols><SessionID>S10016</SessionID></Session><Session><CustomerID>CUST_1017</CustomerID><MachineID>31</MachineID><RTP>87.24</RTP><GameType>Video</GameType><BetAmount>99.73</BetAmount><WinAmount>135.25</WinAmount><SessionDuration>11</SessionDuration><Timestamp>2024-05-26T21:17</Timestamp><Symbols>7,7,BAR</Symbols><SessionID>S10017</SessionID></Session><Session><CustomerID>CUST_1018</CustomerID><MachineID>25</MachineID><RTP>87.12</RTP><GameType>Progressive</GameType><BetAmount>60.86</BetAmount><WinAmount>92.77</WinAmount><SessionDuration>10</SessionDuration><Timestamp>2024-05-21T06:21</Timestamp><Symbols>WILD,BAR,CHERRY</Symbols><SessionID>S10018</SessionID></Session><Session><CustomerID>CUST_1019</CustomerID><MachineID>23</MachineID><RTP>89.62</RTP><GameType>Progressive</GameType><BetAmount>83.6</BetAmount><WinAmount>75.47</WinAmount><SessionDuration>24</SessionDuration><Timestamp>2024-05-20T13:06</Timestamp><Symbols>BAR,7,WILD</Symbols><SessionID>S10019</SessionID></Session><Session><CustomerID>CUST_1020</CustomerID><MachineID>26</MachineID><RTP>86.05</RTP><GameType>Video</GameType><BetAmount>92.09</BetAmount><WinAmount>41.9</WinAmount><SessionDuration>10</SessionDuration><Timestamp>2024-05-25T01:12</Timestamp><Symbols>CHERRY,CHERRY,CHERRY</Symbols><SessionID>S10020</SessionID></Session><Session><CustomerID>CUST_1021</CustomerID><MachineID>4</MachineID><RTP>89.33</RTP><GameType>Progressive</GameType><BetAmount>33.17</BetAmount><WinAmount>81.88</WinAmount><SessionDuration>20</SessionDuration><Timestamp>2024-05-05T03:29</Timestamp><Symbols>BAR,CHERRY,WILD</Symbols><SessionID>S10021</SessionID></Session><Session><CustomerID>CUST_1022</CustomerID><MachineID>2</MachineID><RTP>85.55</RTP><GameType>Classic</GameType><BetAmount>70.1</BetAmount><WinAmount>146.85</WinAmount><SessionDuration>23</SessionDuration><Timestamp>2024-05-28T15:13</Timestamp><Symbols>CHERRY,WILD,BAR</Symbols><SessionID>S10022</SessionID></Session><Session><CustomerID>CUST_1023</CustomerID><MachineID>21</MachineID><RTP>86.54</RTP><GameType>Classic</GameType><BetAmount>96.05</BetAmount><WinAmount>132.01</WinAmount><SessionDuration>22</SessionDuration><Timestamp>2024-05-14T04:50</Timestamp><Symbols>CHERRY,WILD,BAR</Symbols><SessionID>S10023</SessionID></Session><Session><CustomerID>CUST_1024</CustomerID><MachineID>1</MachineID><RTP>91.55</RTP><GameType>Video</GameType><BetAmount>63.15</BetAmount><WinAmount>107.35</WinAmount><SessionDuration>20</SessionDuration><Timestamp>2024-05-24T23:13</Timestamp><Symbols>WILD,WILD,WILD</Symbols><SessionID>S10024</SessionID></Session><Session><CustomerID>CUST_1025</CustomerID><MachineID>46</MachineID><RTP>85.79</RTP><GameType>Classic</GameType><BetAmount>59.71</BetAmount><WinAmount>94.18</WinAmount><SessionDuration>28</SessionDuration><Timestamp>2024-05-01T09:08</Timestamp><Symbols>7,CHERRY,BAR</Symbols><SessionID>S10025</SessionID></Session><Session><CustomerID>CUST_1026</CustomerID><MachineID>30</MachineID><RTP>89.62</RTP><GameType>Classic</GameType><BetAmount>52.93</BetAmount><WinAmount>145.48</WinAmount><SessionDuration>23</SessionDuration><Timestamp>2024-05-21T14:24</Timestamp><Symbols>BAR,WILD,7</Symbols><SessionID>S10026</SessionID></Session><Session><CustomerID>CUST_1027</CustomerID><MachineID>18</MachineID><RTP>94.55</RTP><GameType>Progressive</GameType><BetAmount>81.43</BetAmount><WinAmount>75.32</WinAmount><SessionDuration>16</SessionDuration><Timestamp>2024-05-19T16:48</Timestamp><Symbols>CHERRY,7,WILD</Symbols><SessionID>S10027</SessionID></Session><Session><CustomerID>CUST_1028</CustomerID><MachineID>17</MachineID><RTP>95.1</RTP><GameType>Progressive</GameType><BetAmount>57.73</BetAmount><WinAmount>47.18</WinAmount><SessionDuration>14</SessionDuration><Timestamp>2024-05-08T17:10</Timestamp><Symbols>CHERRY,7,BAR</Symbols><SessionID>S10028</SessionID></Session><Session><CustomerID>CUST_1029</CustomerID><MachineID>31</MachineID><RTP>94.95</RTP><GameType>Video</GameType><BetAmount>69.4</BetAmount><WinAmount>51.35</WinAmount><SessionDuration>15</SessionDuration><Timestamp>2024-05-04T20:35</Timestamp><Symbols>BAR,BAR,WILD</Symbols><SessionID>S10029</SessionID></Session><Session><CustomerID>CUST_1030</CustomerID><MachineID>43</MachineID><RTP>86.16</RTP><GameType>Classic</GameType><BetAmount>91.78</BetAmount><WinAmount>75.22</WinAmount><SessionDuration>30</SessionDuration><Timestamp>2024-05-01T12:59</Timestamp><Symbols>WILD,WILD,BAR</Symbols><SessionID>S10030</SessionID></Session><Session><CustomerID>CUST_1031</CustomerID><MachineID>49</MachineID><RTP>95.13</RTP><GameType>Progressive</GameType><BetAmount>82.69</BetAmount><WinAmount>144.32</WinAmount><SessionDuration>30</SessionDuration><Timestamp>2024-05-20T08:53</Timestamp><Symbols>WILD,BAR,CHERRY</Symbols><SessionID>S10031</SessionID></Session><Session><CustomerID>CUST_1032</CustomerID><MachineID>19</MachineID><RTP>95.96</RTP><GameType>Classic</GameType><BetAmount>40.83</BetAmount><WinAmount>79.53</WinAmount><SessionDuration>17</SessionDuration><Timestamp>2024-05-08T13:43</Timestamp><Symbols>WILD,CHERRY,CHERRY</Symbols><SessionID>S10032</SessionID></Session><Session><CustomerID>CUST_1033</CustomerID><MachineID>17</MachineID><RTP>89.07</RTP><GameType>Classic</GameType><BetAmount>50.53</BetAmount><WinAmount>75.14</WinAmount><SessionDuration>28</SessionDuration><Timestamp>2024-05-03T03:41</Timestamp><Symbols>WILD,CHERRY,7</Symbols><SessionID>S10033</SessionID></Session><Session><CustomerID>CUST_1034</CustomerID><MachineID>40</MachineID><RTP>96.41</RTP><GameType>Progressive</GameType><BetAmount>98.02</BetAmount><WinAmount>47.66</WinAmount><SessionDuration>11</SessionDuration><Timestamp>2024-05-02T10:55</Timestamp><Symbols>CHERRY,WILD,WILD</Symbols><SessionID>S10034</SessionID></Session><Session><CustomerID>CUST_1035</CustomerID><MachineID>16</MachineID><RTP>94.4</RTP><GameType>Classic</GameType><BetAmount>79.47</BetAmount><WinAmount>84.0</WinAmount><SessionDuration>15</SessionDuration><Timestamp>2024-05-16T11:24</Timestamp><Symbols>BAR,WILD,CHERRY</Symbols><SessionID>S10035</SessionID></Session><Session><CustomerID>CUST_1036</CustomerID><MachineID>17</MachineID><RTP>92.64</RTP><GameType>Progressive</GameType><BetAmount>70.43</BetAmount><WinAmount>41.62</WinAmount><SessionDuration>17</SessionDuration><Timestamp>2024-05-05T08:32</Timestamp><Symbols>CHERRY,CHERRY,CHERRY</Symbols><SessionID>S10036</SessionID></Session><Session><CustomerID>CUST_1037</CustomerID><MachineID>37</MachineID><RTP>96.53</RTP><GameType>Progressive</GameType><BetAmount>33.83</BetAmount><WinAmount>60.18</WinAmount><SessionDuration>17</SessionDuration><Timestamp>2024-05-16T05:26</Timestamp><Symbols>CHERRY,BAR,7</Symbols><SessionID>S10037</SessionID></Session><Session><CustomerID>CUST_1038</CustomerID><MachineID>49</MachineID><RTP>89.96</RTP><GameType>Progressive</GameType><BetAmount>66.1</BetAmount><WinAmount>139.1</WinAmount><SessionDuration>21</SessionDuration><Timestamp>2024-05-28T12:22</Timestamp><Symbols>7,BAR,CHERRY</Symbols><SessionID>S10038</SessionID></Session><Session><CustomerID>CUST_1039</CustomerID><MachineID>4</MachineID><RTP>85.02</RTP><GameType>Video</GameType><BetAmount>91.42</BetAmount><WinAmount>133.66</WinAmount><SessionDuration>30</SessionDuration><Timestamp>2024-05-02T11:27</Timestamp><Symbols>WILD,WILD,7</Symbols><SessionID>S10039</SessionID></Session><Session><CustomerID>CUST_1040</CustomerID><MachineID>29</MachineID><RTP>92.12</RTP><GameType>Progressive</GameType><BetAmount>76.72</BetAmount><WinAmount>66.13</WinAmount><SessionDuration>14</SessionDuration><Timestamp>2024-05-19T15:24</Timestamp><Symbols>WILD,7,WILD</Symbols><SessionID>S10040</SessionID></Session><Session><CustomerID>CUST_1041</CustomerID><MachineID>12</MachineID><RTP>86.22</RTP><GameType>Classic</GameType><BetAmount>46.53</BetAmount><WinAmount>138.01</WinAmount><SessionDuration>10</SessionDuration><Timestamp>2024-05-09T05:00</Timestamp><Symbols>BAR,BAR,7</Symbols><SessionID>S10041</SessionID></Session><Session><CustomerID>CUST_1042</CustomerID><MachineID>31</MachineID><RTP>93.62</RTP><GameType>Progressive</GameType><BetAmount>83.81</BetAmount><WinAmount>74.81</WinAmount><SessionDuration>12</SessionDuration><Timestamp>2024-05-08T03:35</Timestamp><Symbols>WILD,WILD,CHERRY</Symbols><SessionID>S10042</SessionID></Session><Session><CustomerID>CUST_1043</CustomerID><MachineID>33</MachineID><RTP>95.23</RTP><GameType>Classic</GameType><BetAmount>45.07</BetAmount><WinAmount>88.28</WinAmount><SessionDuration>27</SessionDuration><Timestamp>2024-05-14T13:01</Timestamp><Symbols>BAR,BAR,WILD</Symbols><SessionID>S10043</SessionID></Session><Session><CustomerID>CUST_1044</CustomerID><MachineID>2</MachineID><RTP>95.98</RTP><GameType>Classic</GameType><BetAmount>45.83</BetAmount><WinAmount>111.26</WinAmount><SessionDuration>23</SessionDuration><Timestamp>2024-05-01T03:27</Timestamp><Symbols>7,7,7</Symbols><SessionID>S10044</SessionID></Session><Session><CustomerID>CUST_1045</CustomerID><MachineID>38</MachineID><RTP>90.1</RTP><GameType>Video</GameType><BetAmount>69.23</BetAmount><WinAmount>26.36</WinAmount><SessionDuration>19</SessionDuration><Timestamp>2024-05-16T18:48</Timestamp><Symbols>7,BAR,WILD</Symbols><SessionID>S10045</SessionID></Session><Session><CustomerID>CUST_1046</CustomerID><MachineID>6</MachineID><RTP>86.65</RTP><GameType>Progressive</GameType><BetAmount>68.93</BetAmount><WinAmount>131.54</WinAmount><SessionDuration>29</SessionDuration><Timestamp>2024-05-27T07:06</Timestamp><Symbols>BAR,WILD,7</Symbols><SessionID>S10046</SessionID></Session><Session><CustomerID>CUST_1047</CustomerID><MachineID>8</MachineID><RTP>91.29</RTP><GameType>Video</GameType><BetAmount>57.25</BetAmount><WinAmount>103.82</WinAmount><SessionDuration>13</SessionDuration><Timestamp>2024-05-22T15:51</Timestamp><Symbols>7,BAR,WILD</Symbols><SessionID>S10047</SessionID></Session><Session><CustomerID>CUST_1048</CustomerID><MachineID>8</MachineID><RTP>85.82</RTP><GameType>Classic</GameType><BetAmount>75.32</BetAmount><WinAmount>129.24</WinAmount><SessionDuration>12</SessionDuration><Timestamp>2024-05-05T12:02</Timestamp><Symbols>CHERRY,BAR,7</Symbols><SessionID>S10048</SessionID></Session><Session><CustomerID>CUST_1049</CustomerID><MachineID>15</MachineID><RTP>92.7</RTP><GameType>Video</GameType><BetAmount>57.91</BetAmount><WinAmount>62.55</WinAmount><SessionDuration>27</SessionDuration><Timestamp>2024-05-16T13:18</Timestamp><Symbols>WILD,BAR,CHERRY</Symbols><SessionID>S10049</SessionID></Session><Session><CustomerID>CUST_1050</CustomerID><MachineID>13</MachineID><RTP>91.68</RTP><GameType>Video</GameType><BetAmount>78.21</BetAmount><WinAmount>68.65</WinAmount><SessionDuration>15</SessionDuration><Timestamp>2024-05-08T09:17</Timestamp><Symbols>WILD,7,7</Symbols><SessionID>S10050</SessionID></Session><Session><CustomerID>CUST_1051</CustomerID><MachineID>39</MachineID><RTP>94.44</RTP><GameType>Classic</GameType><BetAmount>35.15</BetAmount><WinAmount>90.12</WinAmount><SessionDuration>28</SessionDuration><Timestamp>2024-05-07T12:05</Timestamp><Symbols>WILD,WILD,CHERRY</Symbols><SessionID>S10051</SessionID></Session><Session><CustomerID>CUST_1052</CustomerID><MachineID>47</MachineID><RTP>96.08</RTP><GameType>Progressive</GameType><BetAmount>52.45</BetAmount><WinAmount>24.52</WinAmount><SessionDuration>20</SessionDuration><Timestamp>2024-05-26T14:36</Timestamp><Symbols>CHERRY,7,CHERRY</Symbols><SessionID>S10052</SessionID></Session><Session><CustomerID>CUST_1053</CustomerID><MachineID>6</MachineID><RTP>96.34</RTP><GameType>Video</GameType><BetAmount>35.92</BetAmount><WinAmount>44.96</WinAmount><SessionDuration>21</SessionDuration><Timestamp>2024-05-04T12:41</Timestamp><Symbols>7,BAR,CHERRY</Symbols><SessionID>S10053</SessionID></Session><Session><CustomerID>CUST_1054</CustomerID><MachineID>11</MachineID><RTP>86.8</RTP><GameType>Classic</GameType><BetAmount>91.44</BetAmount><WinAmount>51.87</WinAmount><SessionDuration>24</SessionDuration><Timestamp>2024-05-28T03:00</Timestamp><Symbols>CHERRY,7,7</Symbols><SessionID>S10054</SessionID></Session><Session><CustomerID>CUST_1055</CustomerID><MachineID>28</MachineID><RTP>90.91</RTP><GameType>Progressive</GameType><BetAmount>61.99</BetAmount><WinAmount>126.3</WinAmount><SessionDuration>15</SessionDuration><Timestamp>2024-05-16T13:37</Timestamp><Symbols>CHERRY,WILD,BAR</Symbols><SessionID>S10055</SessionID></Session><Session><CustomerID>CUST_1056</CustomerID><MachineID>26</MachineID><RTP>93.7</RTP><GameType>Classic</GameType><BetAmount>35.97</BetAmount><WinAmount>62.26</WinAmount><SessionDuration>16</SessionDuration><Timestamp>2024-05-03T18:12</Timestamp><Symbols>7,7,WILD</Symbols><SessionID>S10056</SessionID></Session><Session><CustomerID>CUST_1057</CustomerID><MachineID>36</MachineID><RTP>93.39</RTP><GameType>Video</GameType><BetAmount>65.3</BetAmount><WinAmount>23.7</WinAmount><SessionDuration>16</SessionDuration><Timestamp>2024-05-07T23:35</Timestamp><Symbols>7,BAR,WILD</Symbols><SessionID>S10057</SessionID></Session><Session><CustomerID>CUST_1058</CustomerID><MachineID>50</MachineID><RTP>95.15</RTP><GameType>Progressive</GameType><BetAmount>87.73</BetAmount><WinAmount>72.6</WinAmount><SessionDuration>21</SessionDuration><Timestamp>2024-05-21T22:37</Timestamp><Symbols>CHERRY,7,WILD</Symbols><SessionID>S10058</SessionID></Session><Session><CustomerID>CUST_1059</CustomerID><MachineID>38</MachineID><RTP>94.05</RTP><GameType>Progressive</GameType><BetAmount>88.0</BetAmount><WinAmount>54.39</WinAmount><SessionDuration>16</SessionDuration><Timestamp>2024-05-19T02:44</Timestamp><Symbols>WILD,WILD,CHERRY</Symbols><SessionID>S10059</SessionID></Session><Session><CustomerID>CUST_1060</CustomerID><MachineID>1</MachineID><RTP>87.6</RTP><GameType>Classic</GameType><BetAmount>43.37</BetAmount><WinAmount>94.95</WinAmount><SessionDuration>28</SessionDuration><Timestamp>2024-05-20T15:17</Timestamp><Symbols>7,CHERRY,BAR</Symbols><SessionID>S10060</SessionID></Session><Session><CustomerID>CUST_1061</CustomerID><MachineID>7</MachineID><RTP>87.62</RTP><GameType>Progressive</GameType><BetAmount>40.54</BetAmount><WinAmount>111.37</WinAmount><SessionDuration>30</SessionDuration><Timestamp>2024-05-01T14:58</Timestamp><Symbols>BAR,7,7</Symbols><SessionID>S10061</SessionID></Session><Session><CustomerID>CUST_1062</CustomerID><MachineID>17</MachineID><RTP>88.46</RTP><GameType>Video</GameType><BetAmount>45.41</BetAmount><WinAmount>25.59</WinAmount><SessionDuration>26</SessionDuration><Timestamp>2024-05-04T05:48</Timestamp><Symbols>CHERRY,CHERRY,CHERRY</Symbols><SessionID>S10062</SessionID></Session><Session><CustomerID>CUST_1063</CustomerID><MachineID>47</MachineID><RTP>91.19</RTP><GameType>Progressive</GameType><BetAmount>54.48</BetAmount><WinAmount>41.93</WinAmount><SessionDuration>16</SessionDuration><Timestamp>2024-05-08T04:21</Timestamp><Symbols>7,WILD,CHERRY</Symbols><SessionID>S10063</SessionID></Session><Session><CustomerID>CUST_1064</CustomerID><MachineID>17</MachineID><RTP>90.76</RTP><GameType>Classic</GameType><BetAmount>61.77</BetAmount><WinAmount>136.93</WinAmount><SessionDuration>22</SessionDuration><Timestamp>2024-05-14T19:12</Timestamp><Symbols>BAR,7,WILD</Symbols><SessionID>S10064</SessionID></Session><Session><CustomerID>CUST_1065</CustomerID><MachineID>40</MachineID><RTP>91.76</RTP><GameType>Video</GameType><BetAmount>39.22</BetAmount><WinAmount>43.98</WinAmount><SessionDuration>15</SessionDuration><Timestamp>2024-05-01T23:03</Timestamp><Symbols>7,WILD,WILD</Symbols><SessionID>S10065</SessionID></Session><Session><CustomerID>CUST_1066</CustomerID><MachineID>10</MachineID><RTP>96.32</RTP><GameType>Classic</GameType><BetAmount>42.77</BetAmount><WinAmount>149.35</WinAmount><SessionDuration>26</SessionDuration><Timestamp>2024-05-28T18:17</Timestamp><Symbols>CHERRY,BAR,BAR</Symbols><SessionID>S10066</SessionID></Session><Session><CustomerID>CUST_1067</CustomerID><MachineID>40</MachineID><RTP>90.26</RTP><GameType>Progressive</GameType><BetAmount>46.5</BetAmount><WinAmount>33.65</WinAmount><SessionDuration>20</SessionDuration><Timestamp>2024-05-24T06:02</Timestamp><Symbols>BAR,7,WILD</Symbols><SessionID>S10067</SessionID></Session><Session><CustomerID>CUST_1068</CustomerID><MachineID>10</MachineID><RTP>94.45</RTP><GameType>Classic</GameType><BetAmount>63.69</BetAmount><WinAmount>53.04</WinAmount><SessionDuration>17</SessionDuration><Timestamp>2024-05-07T11:58</Timestamp><Symbols>7,BAR,7</Symbols><SessionID>S10068</SessionID></Session><Session><CustomerID>CUST_1069</CustomerID><MachineID>40</MachineID><RTP>95.92</RTP><GameType>Classic</GameType><BetAmount>79.58</BetAmount><WinAmount>115.31</WinAmount><SessionDuration>20</SessionDuration><Timestamp>2024-05-19T05:05</Timestamp><Symbols>WILD,CHERRY,WILD</Symbols><SessionID>S10069</SessionID></Session><Session><CustomerID>CUST_1070</CustomerID><MachineID>28</MachineID><RTP>92.36</RTP><GameType>Classic</GameType><BetAmount>72.11</BetAmount><WinAmount>127.41</WinAmount><SessionDuration>29</SessionDuration><Timestamp>2024-05-09T23:24</Timestamp><Symbols>WILD,7,7</Symbols><SessionID>S10070</SessionID></Session><Session><CustomerID>CUST_1071</CustomerID><MachineID>19</MachineID><RTP>90.84</RTP><GameType>Classic</GameType><BetAmount>85.46</BetAmount><WinAmount>71.84</WinAmount><SessionDuration>28</SessionDuration><Timestamp>2024-05-03T18:46</Timestamp><Symbols>WILD,BAR,BAR</Symbols><SessionID>S10071</SessionID></Session><Session><CustomerID>CUST_1072</CustomerID><MachineID>43</MachineID><RTP>88.99</RTP><GameType>Classic</GameType><BetAmount>92.43</BetAmount><WinAmount>141.13</WinAmount><SessionDuration>29</SessionDuration><Timestamp>2024-05-14T11:06</Timestamp><Symbols>7,CHERRY,7</Symbols><SessionID>S10072</SessionID></Session><Session><CustomerID>CUST_1073</CustomerID><MachineID>42</MachineID><RTP>88.24</RTP><GameType>Progressive</GameType><BetAmount>92.83</BetAmount><WinAmount>125.52</WinAmount><SessionDuration>19</SessionDuration><Timestamp>2024-05-02T08:35</Timestamp><Symbols>7,CHERRY,CHERRY</Symbols><SessionID>S10073</SessionID></Session><Session><CustomerID>CUST_1074</CustomerID><MachineID>45</MachineID><RTP>88.85</RTP><GameType>Classic</GameType><BetAmount>72.97</BetAmount><WinAmount>52.02</WinAmount><SessionDuration>29</SessionDuration><Timestamp>2024-05-18T03:02</Timestamp><Symbols>7,BAR,WILD</Symbols><SessionID>S10074</SessionID></Session><Session><CustomerID>CUST_1075</CustomerID><MachineID>31</MachineID><RTP>86.98</RTP><GameType>Video</GameType><BetAmount>51.61</BetAmount><WinAmount>84.58</WinAmount><SessionDuration>18</SessionDuration><Timestamp>2024-05-18T04:27</Timestamp><Symbols>7,7,7</Symbols><SessionID>S10075</SessionID></Session><Session><CustomerID>CUST_1076</CustomerID><MachineID>21</MachineID><RTP>91.01</RTP><GameType>Video</GameType><BetAmount>49.23</BetAmount><WinAmount>22.08</WinAmount><SessionDuration>18</SessionDuration><Timestamp>2024-05-22T15:04</Timestamp><Symbols>CHERRY,CHERRY,BAR</Symbols><SessionID>S10076</SessionID></Session><Session><CustomerID>CUST_1077</CustomerID><MachineID>40</MachineID><RTP>85.32</RTP><GameType>Classic</GameType><BetAmount>32.65</BetAmount><WinAmount>55.82</WinAmount><SessionDuration>27</SessionDuration><Timestamp>2024-05-27T06:49</Timestamp><Symbols>WILD,WILD,BAR</Symbols><SessionID>S10077</SessionID></Session><Session><CustomerID>CUST_1078</CustomerID><MachineID>37</MachineID><RTP>93.5</RTP><GameType>Progressive</GameType><BetAmount>38.42</BetAmount><WinAmount>69.63</WinAmount><SessionDuration>12</SessionDuration><Timestamp>2024-05-15T13:00</Timestamp><Symbols>WILD,CHERRY,7</Symbols><SessionID>S10078</SessionID></Session><Session><CustomerID>CUST_1079</CustomerID><MachineID>11</MachineID><RTP>92.66</RTP><GameType>Progressive</GameType><BetAmount>83.47</BetAmount><WinAmount>55.37</WinAmount><SessionDuration>24</SessionDuration><Timestamp>2024-05-11T11:31</Timestamp><Symbols>7,7,CHERRY</Symbols><SessionID>S10079</SessionID></Session><Session><CustomerID>CUST_1080</CustomerID><MachineID>44</MachineID><RTP>85.98</RTP><GameType>Video</GameType><BetAmount>38.24</BetAmount><WinAmount>106.5</WinAmount><SessionDuration>11</SessionDuration><Timestamp>2024-05-12T14:36</Timestamp><Symbols>CHERRY,BAR,CHERRY</Symbols><SessionID>S10080</SessionID></Session><Session><CustomerID>CUST_1081</CustomerID><MachineID>37</MachineID><RTP>85.48</RTP><GameType>Classic</GameType><BetAmount>85.14</BetAmount><WinAmount>86.04</WinAmount><SessionDuration>27</SessionDuration><Timestamp>2024-05-28T06:14</Timestamp><Symbols>CHERRY,CHERRY,BAR</Symbols><SessionID>S10081</SessionID></Session><Session><CustomerID>CUST_1082</CustomerID><MachineID>14</MachineID><RTP>92.32</RTP><GameType>Video</GameType><BetAmount>58.0</BetAmount><WinAmount>28.1</WinAmount><SessionDuration>21</SessionDuration><Timestamp>2024-05-10T06:58</Timestamp><Symbols>7,CHERRY,7</Symbols><SessionID>S10082</SessionID></Session><Session><CustomerID>CUST_1083</CustomerID><MachineID>24</MachineID><RTP>86.14</RTP><GameType>Video</GameType><BetAmount>36.92</BetAmount><WinAmount>30.65</WinAmount><SessionDuration>14</SessionDuration><Timestamp>2024-05-07T02:58</Timestamp><Symbols>7,BAR,7</Symbols><SessionID>S10083</SessionID></Session><Session><CustomerID>CUST_1084</CustomerID><MachineID>19</MachineID><RTP>85.82</RTP><GameType>Progressive</GameType><BetAmount>78.87</BetAmount><WinAmount>130.32</WinAmount><SessionDuration>21</SessionDuration><Timestamp>2024-05-19T13:15</Timestamp><Symbols>7,7,CHERRY</Symbols><SessionID>S10084</SessionID></Session><Session><CustomerID>CUST_1085</CustomerID><MachineID>28</MachineID><RTP>87.31</RTP><GameType>Video</GameType><BetAmount>70.9</BetAmount><WinAmount>111.45</WinAmount><SessionDuration>11</SessionDuration><Timestamp>2024-05-06T19:30</Timestamp><Symbols>CHERRY,WILD,CHERRY</Symbols><SessionID>S10085</SessionID></Session><Session><CustomerID>CUST_1086</CustomerID><MachineID>20</MachineID><RTP>86.17</RTP><GameType>Video</GameType><BetAmount>78.01</BetAmount><WinAmount>94.1</WinAmount><SessionDuration>22</SessionDuration><Timestamp>2024-05-11T02:42</Timestamp><Symbols>CHERRY,WILD,CHERRY</Symbols><SessionID>S10086</SessionID></Session><Session><CustomerID>CUST_1087</CustomerID><MachineID>5</MachineID><RTP>86.14</RTP><GameType>Classic</GameType><BetAmount>57.02</BetAmount><WinAmount>81.31</WinAmount><SessionDuration>24</SessionDuration><Timestamp>2024-05-26T18:41</Timestamp><Symbols>CHERRY,CHERRY,WILD</Symbols><SessionID>S10087</SessionID></Session><Session><CustomerID>CUST_1088</CustomerID><MachineID>14</MachineID><RTP>92.82</RTP><GameType>Classic</GameType><BetAmount>53.37</BetAmount><WinAmount>53.72</WinAmount><SessionDuration>27</SessionDuration><Timestamp>2024-05-02T13:19</Timestamp><Symbols>7,CHERRY,BAR</Symbols><SessionID>S10088</SessionID></Session><Session><CustomerID>CUST_1089</CustomerID><MachineID>7</MachineID><RTP>93.1</RTP><GameType>Video</GameType><BetAmount>77.88</BetAmount><WinAmount>68.98</WinAmount><SessionDuration>26</SessionDuration><Timestamp>2024-05-02T11:05</Timestamp><Symbols>CHERRY,7,CHERRY</Symbols><SessionID>S10089</SessionID></Session><Session><CustomerID>CUST_1090</CustomerID><MachineID>10</MachineID><RTP>95.47</RTP><GameType>Progressive</GameType><BetAmount>69.89</BetAmount><WinAmount>47.3</WinAmount><SessionDuration>13</SessionDuration><Timestamp>2024-05-21T20:02</Timestamp><Symbols>CHERRY,CHERRY,WILD</Symbols><SessionID>S10090</SessionID></Session><Session><CustomerID>CUST_1091</CustomerID><MachineID>23</MachineID><RTP>90.05</RTP><GameType>Video</GameType><BetAmount>82.01</BetAmount><WinAmount>99.0</WinAmount><SessionDuration>24</SessionDuration><Timestamp>2024-05-27T11:22</Timestamp><Symbols>WILD,WILD,7</Symbols><SessionID>S10091</SessionID></Session><Session><CustomerID>CUST_1092</CustomerID><MachineID>23</MachineID><RTP>89.01</RTP><GameType>Video</GameType><BetAmount>32.08</BetAmount><WinAmount>142.04</WinAmount><SessionDuration>19</SessionDuration><Timestamp>2024-05-01T07:31</Timestamp><Symbols>WILD,WILD,CHERRY</Symbols><SessionID>S10092</SessionID></Session><Session><CustomerID>CUST_1093</CustomerID><MachineID>19</MachineID><RTP>85.14</RTP><GameType>Video</GameType><BetAmount>86.46</BetAmount><WinAmount>71.41</WinAmount><SessionDuration>18</SessionDuration><Timestamp>2024-05-08T11:43</Timestamp><Symbols>CHERRY,CHERRY,7</Symbols><SessionID>S10093</SessionID></Session><Session><CustomerID>CUST_1094</CustomerID><MachineID>41</MachineID><RTP>88.84</RTP><GameType>Classic</GameType><BetAmount>64.01</BetAmount><WinAmount>115.2</WinAmount><SessionDuration>21</SessionDuration><Timestamp>2024-05-08T16:17</Timestamp><Symbols>CHERRY,CHERRY,WILD</Symbols><SessionID>S10094</SessionID></Session><Session><CustomerID>CUST_1095</CustomerID><MachineID>43</MachineID><RTP>95.5</RTP><GameType>Classic</GameType><BetAmount>51.35</BetAmount><WinAmount>149.19</WinAmount><SessionDuration>19</SessionDuration><Timestamp>2024-05-07T12:54</Timestamp><Symbols>WILD,WILD,CHERRY</Symbols><SessionID>S10095</SessionID></Session><Session><CustomerID>CUST_1096</CustomerID><MachineID>43</MachineID><RTP>87.54</RTP><GameType>Video</GameType><BetAmount>30.78</BetAmount><WinAmount>134.71</WinAmount><SessionDuration>16</SessionDuration><Timestamp>2024-05-19T10:31</Timestamp><Symbols>BAR,WILD,BAR</Symbols><SessionID>S10096</SessionID></Session><Session><CustomerID>CUST_1097</CustomerID><MachineID>33</MachineID><RTP>88.12</RTP><GameType>Progressive</GameType><BetAmount>49.24</BetAmount><WinAmount>43.99</WinAmount><SessionDuration>10</SessionDuration><Timestamp>2024-05-10T02:55</Timestamp><Symbols>WILD,CHERRY,WILD</Symbols><SessionID>S10097</SessionID></Session><Session><CustomerID>CUST_1098</CustomerID><MachineID>37</MachineID><RTP>89.05</RTP><GameType>Video</GameType><BetAmount>90.97</BetAmount><WinAmount>24.15</WinAmount><SessionDuration>21</SessionDuration><Timestamp>2024-05-22T22:02</Timestamp><Symbols>WILD,BAR,7</Symbols><SessionID>S10098</SessionID></Session><Session><CustomerID>CUST_1099</CustomerID><MachineID>13</MachineID><RTP>88.91</RTP><GameType>Progressive</GameType><BetAmount>65.09</BetAmount><WinAmount>143.05</WinAmount><SessionDuration>19</SessionDuration><Timestamp>2024-05-05T06:52</Timestamp><Symbols>WILD,CHERRY,CHERRY</Symbols><SessionID>S10099</SessionID></Session><Session><CustomerID>CUST_1100</CustomerID><MachineID>15</MachineID><RTP>87.57</RTP><GameType>Video</GameType><BetAmount>37.84</BetAmount><WinAmount>91.1</WinAmount><SessionDuration>21</SessionDuration><Timestamp>2024-05-20T20:56</Timestamp><Symbols>7,WILD,WILD</Symbols><SessionID>S10100</SessionID></Session><Session><CustomerID>CUST_1101</CustomerID><MachineID>40</MachineID><RTP>95.08</RTP><GameType>Classic</GameType><BetAmount>61.62</BetAmount><WinAmount>142.55</WinAmount><SessionDuration>18</SessionDuration><Timestamp>2024-05-14T04:35</Timestamp><Symbols>7,BAR,CHERRY</Symbols><SessionID>S10101</SessionID></Session><Session><CustomerID>CUST_1102</CustomerID><MachineID>31</MachineID><RTP>88.38</RTP><GameType>Progressive</GameType><BetAmount>45.12</BetAmount><WinAmount>113.29</WinAmount><SessionDuration>17</SessionDuration><Timestamp>2024-05-16T05:30</Timestamp><Symbols>CHERRY,BAR,WILD</Symbols><SessionID>S10102</SessionID></Session><Session><CustomerID>CUST_1103</CustomerID><MachineID>44</MachineID><RTP>95.26</RTP><GameType>Video</GameType><BetAmount>44.84</BetAmount><WinAmount>114.0</WinAmount><SessionDuration>30</SessionDuration><Timestamp>2024-05-23T15:15</Timestamp><Symbols>BAR,BAR,7</Symbols><SessionID>S10103</SessionID></Session><Session><CustomerID>CUST_1104</CustomerID><MachineID>47</MachineID><RTP>88.17</RTP><GameType>Progressive</GameType><BetAmount>46.1</BetAmount><WinAmount>136.69</WinAmount><SessionDuration>18</SessionDuration><Timestamp>2024-05-16T06:16</Timestamp><Symbols>BAR,BAR,CHERRY</Symbols><SessionID>S10104</SessionID></Session><Session><CustomerID>CUST_1105</CustomerID><MachineID>45</MachineID><RTP>86.93</RTP><GameType>Classic</GameType><BetAmount>70.89</BetAmount><WinAmount>68.56</WinAmount><SessionDuration>14</SessionDuration><Timestamp>2024-05-06T10:47</Timestamp><Symbols>7,7,7</Symbols><SessionID>S10105</SessionID></Session><Session><CustomerID>CUST_1106</CustomerID><MachineID>14</MachineID><RTP>93.3</RTP><GameType>Progressive</GameType><BetAmount>42.63</BetAmount><WinAmount>100.36</WinAmount><SessionDuration>11</SessionDuration><Timestamp>2024-05-10T06:49</Timestamp><Symbols>WILD,BAR,WILD</Symbols><SessionID>S10106</SessionID></Session><Session><CustomerID>CUST_1107</CustomerID><MachineID>44</MachineID><RTP>90.09</RTP><GameType>Video</GameType><BetAmount>99.48</BetAmount><WinAmount>53.67</WinAmount><SessionDuration>25</SessionDuration><Timestamp>2024-05-07T13:28</Timestamp><Symbols>WILD,BAR,WILD</Symbols><SessionID>S10107</SessionID></Session><Session><CustomerID>CUST_1108</CustomerID><MachineID>43</MachineID><RTP>86.69</RTP><GameType>Video</GameType><BetAmount>81.69</BetAmount><WinAmount>49.2</WinAmount><SessionDuration>15</SessionDuration><Timestamp>2024-05-27T21:46</Timestamp><Symbols>BAR,CHERRY,7</Symbols><SessionID>S10108</SessionID></Session><Session><CustomerID>CUST_1109</CustomerID><MachineID>38</MachineID><RTP>90.4</RTP><GameType>Video</GameType><BetAmount>31.76</BetAmount><WinAmount>89.61</WinAmount><SessionDuration>16</SessionDuration><Timestamp>2024-05-03T03:03</Timestamp><Symbols>CHERRY,7,CHERRY</Symbols><SessionID>S10109</SessionID></Session><Session><CustomerID>CUST_1110</CustomerID><MachineID>31</MachineID><RTP>94.27</RTP><GameType>Progressive</GameType><BetAmount>85.65</BetAmount><WinAmount>79.33</WinAmount><SessionDuration>26</SessionDuration><Timestamp>2024-05-18T20:51</Timestamp><Symbols>7,7,BAR</Symbols><SessionID>S10110</SessionID></Session><Session><CustomerID>CUST_1111</CustomerID><MachineID>37</MachineID><RTP>90.32</RTP><GameType>Classic</GameType><BetAmount>40.17</BetAmount><WinAmount>136.2</WinAmount><SessionDuration>10</SessionDuration><Timestamp>2024-05-02T02:04</Timestamp><Symbols>7,CHERRY,WILD</Symbols><SessionID>S10111</SessionID></Session><Session><CustomerID>CUST_1112</CustomerID><MachineID>49</MachineID><RTP>90.5</RTP><GameType>Video</GameType><BetAmount>84.87</BetAmount><WinAmount>101.76</WinAmount><SessionDuration>14</SessionDuration><Timestamp>2024-05-17T04:42</Timestamp><Symbols>WILD,BAR,BAR</Symbols><SessionID>S10112</SessionID></Session><Session><CustomerID>CUST_1113</CustomerID><MachineID>47</MachineID><RTP>92.9</RTP><GameType>Video</GameType><BetAmount>68.28</BetAmount><WinAmount>89.7</WinAmount><SessionDuration>15</SessionDuration><Timestamp>2024-05-03T23:09</Timestamp><Symbols>CHERRY,7,CHERRY</Symbols><SessionID>S10113</SessionID></Session><Session><CustomerID>CUST_1114</CustomerID><MachineID>45</MachineID><RTP>87.56</RTP><GameType>Classic</GameType><BetAmount>34.65</BetAmount><WinAmount>28.0</WinAmount><SessionDuration>15</SessionDuration><Timestamp>2024-05-03T21:48</Timestamp><Symbols>7,7,7</Symbols><SessionID>S10114</SessionID></Session><Session><CustomerID>CUST_1115</CustomerID><MachineID>23</MachineID><RTP>96.75</RTP><GameType>Progressive</GameType><BetAmount>93.64</BetAmount><WinAmount>130.9</WinAmount><SessionDuration>23</SessionDuration><Timestamp>2024-05-11T04:09</Timestamp><Symbols>7,WILD,CHERRY</Symbols><SessionID>S10115</SessionID></Session><Session><CustomerID>CUST_1116</CustomerID><MachineID>12</MachineID><RTP>93.76</RTP><GameType>Classic</GameType><BetAmount>48.8</BetAmount><WinAmount>111.82</WinAmount><SessionDuration>29</SessionDuration><Timestamp>2024-05-06T03:24</Timestamp><Symbols>BAR,WILD,BAR</Symbols><SessionID>S10116</SessionID></Session><Session><CustomerID>CUST_1117</CustomerID><MachineID>17</MachineID><RTP>91.32</RTP><GameType>Classic</GameType><BetAmount>46.75</BetAmount><WinAmount>99.69</WinAmount><SessionDuration>28</SessionDuration><Timestamp>2024-05-19T02:17</Timestamp><Symbols>BAR,7,BAR</Symbols><SessionID>S10117</SessionID></Session><Session><CustomerID>CUST_1118</CustomerID><MachineID>5</MachineID><RTP>96.58</RTP><GameType>Video</GameType><BetAmount>94.38</BetAmount><WinAmount>60.72</WinAmount><SessionDuration>28</SessionDuration><Timestamp>2024-05-06T16:05</Timestamp><Symbols>CHERRY,CHERRY,WILD</Symbols><SessionID>S10118</SessionID></Session><Session><CustomerID>CUST_1119</CustomerID><MachineID>23</MachineID><RTP>88.16</RTP><GameType>Progressive</GameType><BetAmount>46.23</BetAmount><WinAmount>68.19</WinAmount><SessionDuration>10</SessionDuration><Timestamp>2024-05-13T06:29</Timestamp><Symbols>WILD,BAR,BAR</Symbols><SessionID>S10119</SessionID></Session><Session><CustomerID>CUST_1120</CustomerID><MachineID>22</MachineID><RTP>95.58</RTP><GameType>Video</GameType><BetAmount>42.31</BetAmount><WinAmount>56.18</WinAmount><SessionDuration>27</SessionDuration><Timestamp>2024-05-23T03:25</Timestamp><Symbols>CHERRY,CHERRY,BAR</Symbols><SessionID>S10120</SessionID></Session><Session><CustomerID>CUST_1121</CustomerID><MachineID>21</MachineID><RTP>90.91</RTP><GameType>Video</GameType><BetAmount>82.71</BetAmount><WinAmount>85.17</WinAmount><SessionDuration>27</SessionDuration><Timestamp>2024-05-11T18:35</Timestamp><Symbols>BAR,7,7</Symbols><SessionID>S10121</SessionID></Session><Session><CustomerID>CUST_1122</CustomerID><MachineID>14</MachineID><RTP>91.43</RTP><GameType>Video</GameType><BetAmount>69.35</BetAmount><WinAmount>146.02</WinAmount><SessionDuration>25</SessionDuration><Timestamp>2024-05-03T22:40</Timestamp><Symbols>WILD,BAR,WILD</Symbols><SessionID>S10122</SessionID></Session><Session><CustomerID>CUST_1123</CustomerID><MachineID>39</MachineID><RTP>92.87</RTP><GameType>Progressive</GameType><BetAmount>80.34</BetAmount><WinAmount>136.21</WinAmount><SessionDuration>27</SessionDuration><Timestamp>2024-05-14T12:25</Timestamp><Symbols>7,WILD,WILD</Symbols><SessionID>S10123</SessionID></Session><Session><CustomerID>CUST_1124</CustomerID><MachineID>45</MachineID><RTP>85.58</RTP><GameType>Progressive</GameType><BetAmount>86.67</BetAmount><WinAmount>71.09</WinAmount><SessionDuration>27</SessionDuration><Timestamp>2024-05-16T10:59</Timestamp><Symbols>BAR,7,BAR</Symbols><SessionID>S10124</SessionID></Session><Session><CustomerID>CUST_1125</CustomerID><MachineID>20</MachineID><RTP>86.68</RTP><GameType>Video</GameType><BetAmount>38.06</BetAmount><WinAmount>131.08</WinAmount><SessionDuration>25</SessionDuration><Timestamp>2024-05-23T04:10</Timestamp><Symbols>WILD,7,WILD</Symbols><SessionID>S10125</SessionID></Session><Session><CustomerID>CUST_1126</CustomerID><MachineID>20</MachineID><RTP>89.88</RTP><GameType>Classic</GameType><BetAmount>68.05</BetAmount><WinAmount>131.94</WinAmount><SessionDuration>17</SessionDuration><Timestamp>2024-05-03T05:44</Timestamp><Symbols>BAR,BAR,7</Symbols><SessionID>S10126</SessionID></Session><Session><CustomerID>CUST_1127</CustomerID><MachineID>35</MachineID><RTP>89.48</RTP><GameType>Video</GameType><BetAmount>43.53</BetAmount><WinAmount>119.29</WinAmount><SessionDuration>23</SessionDuration><Timestamp>2024-05-12T09:58</Timestamp><Symbols>7,BAR,CHERRY</Symbols><SessionID>S10127</SessionID></Session><Session><CustomerID>CUST_1128</CustomerID><MachineID>5</MachineID><RTP>96.63</RTP><GameType>Video</GameType><BetAmount>30.42</BetAmount><WinAmount>87.62</WinAmount><SessionDuration>18</SessionDuration><Timestamp>2024-05-02T12:22</Timestamp><Symbols>WILD,WILD,CHERRY</Symbols><SessionID>S10128</SessionID></Session><Session><CustomerID>CUST_1129</CustomerID><MachineID>30</MachineID><RTP>92.25</RTP><GameType>Video</GameType><BetAmount>98.28</BetAmount><WinAmount>104.04</WinAmount><SessionDuration>10</SessionDuration><Timestamp>2024-05-02T23:46</Timestamp><Symbols>7,7,BAR</Symbols><SessionID>S10129</SessionID></Session><Session><CustomerID>CUST_1130</CustomerID><MachineID>16</MachineID><RTP>88.89</RTP><GameType>Video</GameType><BetAmount>95.84</BetAmount><WinAmount>133.3</WinAmount><SessionDuration>27</SessionDuration><Timestamp>2024-05-09T19:52</Timestamp><Symbols>BAR,7,7</Symbols><SessionID>S10130</SessionID></Session><Session><CustomerID>CUST_1131</CustomerID><MachineID>3</MachineID><RTP>86.78</RTP><GameType>Video</GameType><BetAmount>82.26</BetAmount><WinAmount>63.24</WinAmount><SessionDuration>16</SessionDuration><Timestamp>2024-05-02T05:52</Timestamp><Symbols>7,BAR,BAR</Symbols><SessionID>S10131</SessionID></Session><Session><CustomerID>CUST_1132</CustomerID><MachineID>44</MachineID><RTP>93.72</RTP><GameType>Progressive</GameType><BetAmount>91.75</BetAmount><WinAmount>127.32</WinAmount><SessionDuration>27</SessionDuration><Timestamp>2024-05-17T23:52</Timestamp><Symbols>BAR,CHERRY,7</Symbols><SessionID>S10132</SessionID></Session><Session><CustomerID>CUST_1133</CustomerID><MachineID>1</MachineID><RTP>85.28</RTP><GameType>Video</GameType><BetAmount>67.93</BetAmount><WinAmount>55.89</WinAmount><SessionDuration>14</SessionDuration><Timestamp>2024-05-18T17:25</Timestamp><Symbols>BAR,BAR,WILD</Symbols><SessionID>S10133</SessionID></Session><Session><CustomerID>CUST_1134</CustomerID><MachineID>9</MachineID><RTP>86.99</RTP><GameType>Video</GameType><BetAmount>56.33</BetAmount><WinAmount>107.32</WinAmount><SessionDuration>13</SessionDuration><Timestamp>2024-05-11T07:57</Timestamp><Symbols>BAR,BAR,WILD</Symbols><SessionID>S10134</SessionID></Session><Session><CustomerID>CUST_1135</CustomerID><MachineID>11</MachineID><RTP>91.72</RTP><GameType>Progressive</GameType><BetAmount>82.65</BetAmount><WinAmount>111.85</WinAmount><SessionDuration>10</SessionDuration><Timestamp>2024-05-12T17:58</Timestamp><Symbols>BAR,WILD,7</Symbols><SessionID>S10135</SessionID></Session><Session><CustomerID>CUST_1136</CustomerID><MachineID>19</MachineID><RTP>90.55</RTP><GameType>Video</GameType><BetAmount>66.08</BetAmount><WinAmount>53.32</WinAmount><SessionDuration>23</SessionDuration><Timestamp>2024-05-25T06:54</Timestamp><Symbols>CHERRY,WILD,WILD</Symbols><SessionID>S10136</SessionID></Session><Session><CustomerID>CUST_1137</CustomerID><MachineID>17</MachineID><RTP>87.96</RTP><GameType>Progressive</GameType><BetAmount>99.91</BetAmount><WinAmount>43.86</WinAmount><SessionDuration>12</SessionDuration><Timestamp>2024-05-24T17:43</Timestamp><Symbols>CHERRY,WILD,WILD</Symbols><SessionID>S10137</SessionID></Session><Session><CustomerID>CUST_1138</CustomerID><MachineID>11</MachineID><RTP>86.17</RTP><GameType>Progressive</GameType><BetAmount>57.71</BetAmount><WinAmount>55.56</WinAmount><SessionDuration>12</SessionDuration><Timestamp>2024-05-19T09:31</Timestamp><Symbols>WILD,CHERRY,7</Symbols><SessionID>S10138</SessionID></Session><Session><CustomerID>CUST_1139</CustomerID><MachineID>14</MachineID><RTP>96.77</RTP><GameType>Classic</GameType><BetAmount>77.36</BetAmount><WinAmount>147.76</WinAmount><SessionDuration>28</SessionDuration><Timestamp>2024-05-10T06:25</Timestamp><Symbols>CHERRY,BAR,WILD</Symbols><SessionID>S10139</SessionID></Session><Session><CustomerID>CUST_1140</CustomerID><MachineID>25</MachineID><RTP>88.11</RTP><GameType>Classic</GameType><BetAmount>56.43</BetAmount><WinAmount>127.38</WinAmount><SessionDuration>25</SessionDuration><Timestamp>2024-05-19T07:48</Timestamp><Symbols>CHERRY,7,BAR</Symbols><SessionID>S10140</SessionID></Session><Session><CustomerID>CUST_1141</CustomerID><MachineID>33</MachineID><RTP>86.74</RTP><GameType>Video</GameType><BetAmount>59.65</BetAmount><WinAmount>37.61</WinAmount><SessionDuration>13</SessionDuration><Timestamp>2024-05-04T12:51</Timestamp><Symbols>BAR,CHERRY,WILD</Symbols><SessionID>S10141</SessionID></Session><Session><CustomerID>CUST_1142</CustomerID><MachineID>2</MachineID><RTP>91.41</RTP><GameType>Classic</GameType><BetAmount>64.27</BetAmount><WinAmount>131.22</WinAmount><SessionDuration>25</SessionDuration><Timestamp>2024-05-28T16:29</Timestamp><Symbols>WILD,CHERRY,WILD</Symbols><SessionID>S10142</SessionID></Session><Session><CustomerID>CUST_1143</CustomerID><MachineID>39</MachineID><RTP>88.77</RTP><GameType>Progressive</GameType><BetAmount>30.33</BetAmount><WinAmount>140.99</WinAmount><SessionDuration>27</SessionDuration><Timestamp>2024-05-23T15:20</Timestamp><Symbols>CHERRY,7,CHERRY</Symbols><SessionID>S10143</SessionID></Session><Session><CustomerID>CUST_1144</CustomerID><MachineID>31</MachineID><RTP>96.4</RTP><GameType>Progressive</GameType><BetAmount>77.54</BetAmount><WinAmount>71.88</WinAmount><SessionDuration>19</SessionDuration><Timestamp>2024-05-23T07:36</Timestamp><Symbols>CHERRY,BAR,BAR</Symbols><SessionID>S10144</SessionID></Session><Session><CustomerID>CUST_1145</CustomerID><MachineID>19</MachineID><RTP>90.01</RTP><GameType>Classic</GameType><BetAmount>59.1</BetAmount><WinAmount>24.34</WinAmount><SessionDuration>25</SessionDuration><Timestamp>2024-05-25T12:32</Timestamp><Symbols>WILD,CHERRY,BAR</Symbols><SessionID>S10145</SessionID></Session><Session><CustomerID>CUST_1146</CustomerID><MachineID>31</MachineID><RTP>91.45</RTP><GameType>Progressive</GameType><BetAmount>49.42</BetAmount><WinAmount>56.73</WinAmount><SessionDuration>17</SessionDuration><Timestamp>2024-05-04T12:48</Timestamp><Symbols>CHERRY,CHERRY,BAR</Symbols><SessionID>S10146</SessionID></Session><Session><CustomerID>CUST_1147</CustomerID><MachineID>13</MachineID><RTP>91.79</RTP><GameType>Progressive</GameType><BetAmount>89.36</BetAmount><WinAmount>135.63</WinAmount><SessionDuration>20</SessionDuration><Timestamp>2024-05-17T05:20</Timestamp><Symbols>7,7,WILD</Symbols><SessionID>S10147</SessionID></Session><Session><CustomerID>CUST_1148</CustomerID><MachineID>45</MachineID><RTP>92.92</RTP><GameType>Progressive</GameType><BetAmount>45.32</BetAmount><WinAmount>57.28</WinAmount><SessionDuration>12</SessionDuration><Timestamp>2024-05-20T16:05</Timestamp><Symbols>WILD,CHERRY,WILD</Symbols><SessionID>S10148</SessionID></Session><Session><CustomerID>CUST_1149</CustomerID><MachineID>44</MachineID><RTP>94.84</RTP><GameType>Classic</GameType><BetAmount>55.64</BetAmount><WinAmount>92.55</WinAmount><SessionDuration>29</SessionDuration><Timestamp>2024-05-28T23:06</Timestamp><Symbols>BAR,7,CHERRY</Symbols><SessionID>S10149</SessionID></Session><Session><CustomerID>CUST_1150</CustomerID><MachineID>16</MachineID><RTP>87.51</RTP><GameType>Classic</GameType><BetAmount>50.52</BetAmount><WinAmount>122.45</WinAmount><SessionDuration>23</SessionDuration><Timestamp>2024-05-25T22:06</Timestamp><Symbols>7,BAR,CHERRY</Symbols><SessionID>S10150</SessionID></Session><Session><CustomerID>CUST_1151</CustomerID><MachineID>6</MachineID><RTP>88.43</RTP><GameType>Classic</GameType><BetAmount>82.59</BetAmount><WinAmount>115.35</WinAmount><SessionDuration>29</SessionDuration><Timestamp>2024-05-10T03:41</Timestamp><Symbols>WILD,WILD,CHERRY</Symbols><SessionID>S10151</SessionID></Session><Session><CustomerID>CUST_1152</CustomerID><MachineID>43</MachineID><RTP>93.08</RTP><GameType>Classic</GameType><BetAmount>96.55</BetAmount><WinAmount>129.98</WinAmount><SessionDuration>10</SessionDuration><Timestamp>2024-05-26T09:22</Timestamp><Symbols>7,CHERRY,WILD</Symbols><SessionID>S10152</SessionID></Session><Session><CustomerID>CUST_1153</CustomerID><MachineID>9</MachineID><RTP>93.5</RTP><GameType>Classic</GameType><BetAmount>32.65</BetAmount><WinAmount>136.35</WinAmount><SessionDuration>26</SessionDuration><Timestamp>2024-05-27T19:28</Timestamp><Symbols>BAR,7,CHERRY</Symbols><SessionID>S10153</SessionID></Session><Session><CustomerID>CUST_1154</CustomerID><MachineID>18</MachineID><RTP>85.29</RTP><GameType>Progressive</GameType><BetAmount>80.37</BetAmount><WinAmount>66.73</WinAmount><SessionDuration>12</SessionDuration><Timestamp>2024-05-14T08:15</Timestamp><Symbols>7,BAR,BAR</Symbols><SessionID>S10154</SessionID></Session><Session><CustomerID>CUST_1155</CustomerID><MachineID>15</MachineID><RTP>86.87</RTP><GameType>Classic</GameType><BetAmount>78.52</BetAmount><WinAmount>44.09</WinAmount><SessionDuration>27</SessionDuration><Timestamp>2024-05-27T01:35</Timestamp><Symbols>CHERRY,WILD,CHERRY</Symbols><SessionID>S10155</SessionID></Session><Session><CustomerID>CUST_1156</CustomerID><MachineID>26</MachineID><RTP>95.99</RTP><GameType>Video</GameType><BetAmount>52.28</BetAmount><WinAmount>122.32</WinAmount><SessionDuration>28</SessionDuration><Timestamp>2024-05-04T06:22</Timestamp><Symbols>WILD,WILD,CHERRY</Symbols><SessionID>S10156</SessionID></Session><Session><CustomerID>CUST_1157</CustomerID><MachineID>19</MachineID><RTP>95.58</RTP><GameType>Progressive</GameType><BetAmount>79.49</BetAmount><WinAmount>111.81</WinAmount><SessionDuration>21</SessionDuration><Timestamp>2024-05-11T00:14</Timestamp><Symbols>BAR,BAR,BAR</Symbols><SessionID>S10157</SessionID></Session><Session><CustomerID>CUST_1158</CustomerID><MachineID>31</MachineID><RTP>96.3</RTP><GameType>Video</GameType><BetAmount>83.86</BetAmount><WinAmount>140.13</WinAmount><SessionDuration>29</SessionDuration><Timestamp>2024-05-23T14:25</Timestamp><Symbols>CHERRY,7,7</Symbols><SessionID>S10158</SessionID></Session><Session><CustomerID>CUST_1159</CustomerID><MachineID>50</MachineID><RTP>92.85</RTP><GameType>Video</GameType><BetAmount>65.97</BetAmount><WinAmount>61.45</WinAmount><SessionDuration>12</SessionDuration><Timestamp>2024-05-27T09:43</Timestamp><Symbols>CHERRY,WILD,CHERRY</Symbols><SessionID>S10159</SessionID></Session><Session><CustomerID>CUST_1160</CustomerID><MachineID>25</MachineID><RTP>87.71</RTP><GameType>Video</GameType><BetAmount>35.9</BetAmount><WinAmount>140.77</WinAmount><SessionDuration>16</SessionDuration><Timestamp>2024-05-13T07:41</Timestamp><Symbols>BAR,WILD,7</Symbols><SessionID>S10160</SessionID></Session><Session><CustomerID>CUST_1161</CustomerID><MachineID>19</MachineID><RTP>94.71</RTP><GameType>Progressive</GameType><BetAmount>84.67</BetAmount><WinAmount>108.25</WinAmount><SessionDuration>23</SessionDuration><Timestamp>2024-05-01T13:26</Timestamp><Symbols>7,BAR,BAR</Symbols><SessionID>S10161</SessionID></Session><Session><CustomerID>CUST_1162</CustomerID><MachineID>7</MachineID><RTP>88.06</RTP><GameType>Progressive</GameType><BetAmount>56.06</BetAmount><WinAmount>119.63</WinAmount><SessionDuration>14</SessionDuration><Timestamp>2024-05-17T20:22</Timestamp><Symbols>7,WILD,CHERRY</Symbols><SessionID>S10162</SessionID></Session><Session><CustomerID>CUST_1163</CustomerID><MachineID>27</MachineID><RTP>87.53</RTP><GameType>Classic</GameType><BetAmount>92.25</BetAmount><WinAmount>44.33</WinAmount><SessionDuration>27</SessionDuration><Timestamp>2024-05-09T04:50</Timestamp><Symbols>WILD,WILD,7</Symbols><SessionID>S10163</SessionID></Session><Session><CustomerID>CUST_1164</CustomerID><MachineID>30</MachineID><RTP>96.03</RTP><GameType>Classic</GameType><BetAmount>67.56</BetAmount><WinAmount>62.35</WinAmount><SessionDuration>12</SessionDuration><Timestamp>2024-05-18T15:31</Timestamp><Symbols>CHERRY,7,BAR</Symbols><SessionID>S10164</SessionID></Session><Session><CustomerID>CUST_1165</CustomerID><MachineID>4</MachineID><RTP>92.42</RTP><GameType>Video</GameType><BetAmount>93.76</BetAmount><WinAmount>121.33</WinAmount><SessionDuration>30</SessionDuration><Timestamp>2024-05-21T20:00</Timestamp><Symbols>7,CHERRY,BAR</Symbols><SessionID>S10165</SessionID></Session><Session><CustomerID>CUST_1166</CustomerID><MachineID>36</MachineID><RTP>88.19</RTP><GameType>Video</GameType><BetAmount>90.86</BetAmount><WinAmount>85.98</WinAmount><SessionDuration>23</SessionDuration><Timestamp>2024-05-09T02:18</Timestamp><Symbols>CHERRY,CHERRY,CHERRY</Symbols><SessionID>S10166</SessionID></Session><Session><CustomerID>CUST_1167</CustomerID><MachineID>28</MachineID><RTP>92.98</RTP><GameType>Video</GameType><BetAmount>61.93</BetAmount><WinAmount>81.6</WinAmount><SessionDuration>30</SessionDuration><Timestamp>2024-05-19T08:10</Timestamp><Symbols>BAR,BAR,BAR</Symbols><SessionID>S10167</SessionID></Session><Session><CustomerID>CUST_1168</CustomerID><MachineID>40</MachineID><RTP>86.38</RTP><GameType>Video</GameType><BetAmount>53.05</BetAmount><WinAmount>135.32</WinAmount><SessionDuration>16</SessionDuration><Timestamp>2024-05-10T00:35</Timestamp><Symbols>BAR,BAR,WILD</Symbols><SessionID>S10168</SessionID></Session><Session><CustomerID>CUST_1169</CustomerID><MachineID>8</MachineID><RTP>91.64</RTP><GameType>Video</GameType><BetAmount>81.5</BetAmount><WinAmount>28.83</WinAmount><SessionDuration>10</SessionDuration><Timestamp>2024-05-11T08:50</Timestamp><Symbols>7,CHERRY,CHERRY</Symbols><SessionID>S10169</SessionID></Session><Session><CustomerID>CUST_1170</CustomerID><MachineID>4</MachineID><RTP>85.59</RTP><GameType>Classic</GameType><BetAmount>55.82</BetAmount><WinAmount>129.4</WinAmount><SessionDuration>20</SessionDuration><Timestamp>2024-05-25T14:37</Timestamp><Symbols>CHERRY,WILD,BAR</Symbols><SessionID>S10170</SessionID></Session><Session><CustomerID>CUST_1171</CustomerID><MachineID>12</MachineID><RTP>91.45</RTP><GameType>Classic</GameType><BetAmount>99.02</BetAmount><WinAmount>69.61</WinAmount><SessionDuration>22</SessionDuration><Timestamp>2024-05-15T07:30</Timestamp><Symbols>CHERRY,CHERRY,CHERRY</Symbols><SessionID>S10171</SessionID></Session><Session><CustomerID>CUST_1172</CustomerID><MachineID>3</MachineID><RTP>90.35</RTP><GameType>Progressive</GameType><BetAmount>94.56</BetAmount><WinAmount>73.72</WinAmount><SessionDuration>26</SessionDuration><Timestamp>2024-05-16T09:59</Timestamp><Symbols>WILD,CHERRY,BAR</Symbols><SessionID>S10172</SessionID></Session><Session><CustomerID>CUST_1173</CustomerID><MachineID>26</MachineID><RTP>86.35</RTP><GameType>Classic</GameType><BetAmount>49.3</BetAmount><WinAmount>88.91</WinAmount><SessionDuration>12</SessionDuration><Timestamp>2024-05-07T11:33</Timestamp><Symbols>BAR,BAR,WILD</Symbols><SessionID>S10173</SessionID></Session><Session><CustomerID>CUST_1174</CustomerID><MachineID>14</MachineID><RTP>96.0</RTP><GameType>Video</GameType><BetAmount>85.77</BetAmount><WinAmount>138.37</WinAmount><SessionDuration>28</SessionDuration><Timestamp>2024-05-08T09:00</Timestamp><Symbols>7,CHERRY,BAR</Symbols><SessionID>S10174</SessionID></Session><Session><CustomerID>CUST_1175</CustomerID><MachineID>47</MachineID><RTP>87.27</RTP><GameType>Classic</GameType><BetAmount>34.0</BetAmount><WinAmount>37.38</WinAmount><SessionDuration>28</SessionDuration><Timestamp>2024-05-16T14:51</Timestamp><Symbols>7,7,CHERRY</Symbols><SessionID>S10175</SessionID></Session><Session><CustomerID>CUST_1176</CustomerID><MachineID>47</MachineID><RTP>95.92</RTP><GameType>Video</GameType><BetAmount>52.11</BetAmount><WinAmount>126.6</WinAmount><SessionDuration>21</SessionDuration><Timestamp>2024-05-13T03:37</Timestamp><Symbols>7,CHERRY,7</Symbols><SessionID>S10176</SessionID></Session><Session><CustomerID>CUST_1177</CustomerID><MachineID>18</MachineID><RTP>89.75</RTP><GameType>Progressive</GameType><BetAmount>64.01</BetAmount><WinAmount>119.15</WinAmount><SessionDuration>16</SessionDuration><Timestamp>2024-05-05T02:57</Timestamp><Symbols>7,7,CHERRY</Symbols><SessionID>S10177</SessionID></Session><Session><CustomerID>CUST_1178</CustomerID><MachineID>47</MachineID><RTP>85.1</RTP><GameType>Video</GameType><BetAmount>76.11</BetAmount><WinAmount>74.64</WinAmount><SessionDuration>28</SessionDuration><Timestamp>2024-05-27T18:15</Timestamp><Symbols>CHERRY,CHERRY,BAR</Symbols><SessionID>S10178</SessionID></Session><Session><CustomerID>CUST_1179</CustomerID><MachineID>17</MachineID><RTP>85.01</RTP><GameType>Classic</GameType><BetAmount>92.67</BetAmount><WinAmount>91.25</WinAmount><SessionDuration>21</SessionDuration><Timestamp>2024-05-24T12:58</Timestamp><Symbols>7,BAR,7</Symbols><SessionID>S10179</SessionID></Session><Session><CustomerID>CUST_1180</CustomerID><MachineID>33</MachineID><RTP>96.61</RTP><GameType>Progressive</GameType><BetAmount>85.14</BetAmount><WinAmount>90.44</WinAmount><SessionDuration>30</SessionDuration><Timestamp>2024-05-19T05:52</Timestamp><Symbols>BAR,BAR,7</Symbols><SessionID>S10180</SessionID></Session><Session><CustomerID>CUST_1181</CustomerID><MachineID>33</MachineID><RTP>87.66</RTP><GameType>Progressive</GameType><BetAmount>66.85</BetAmount><WinAmount>67.12</WinAmount><SessionDuration>12</SessionDuration><Timestamp>2024-05-06T21:25</Timestamp><Symbols>BAR,CHERRY,CHERRY</Symbols><SessionID>S10181</SessionID></Session><Session><CustomerID>CUST_1182</CustomerID><MachineID>27</MachineID><RTP>87.77</RTP><GameType>Classic</GameType><BetAmount>69.04</BetAmount><WinAmount>37.74</WinAmount><SessionDuration>16</SessionDuration><Timestamp>2024-05-09T03:17</Timestamp><Symbols>WILD,7,WILD</Symbols><SessionID>S10182</SessionID></Session><Session><CustomerID>CUST_1183</CustomerID><MachineID>15</MachineID><RTP>93.18</RTP><GameType>Classic</GameType><BetAmount>39.16</BetAmount><WinAmount>126.92</WinAmount><SessionDuration>16</SessionDuration><Timestamp>2024-05-26T06:49</Timestamp><Symbols>7,WILD,BAR</Symbols><SessionID>S10183</SessionID></Session><Session><CustomerID>CUST_1184</CustomerID><MachineID>42</MachineID><RTP>94.46</RTP><GameType>Video</GameType><BetAmount>45.3</BetAmount><WinAmount>57.42</WinAmount><SessionDuration>27</SessionDuration><Timestamp>2024-05-10T11:43</Timestamp><Symbols>BAR,BAR,BAR</Symbols><SessionID>S10184</SessionID></Session><Session><CustomerID>CUST_1185</CustomerID><MachineID>33</MachineID><RTP>90.47</RTP><GameType>Classic</GameType><BetAmount>57.58</BetAmount><WinAmount>28.5</WinAmount><SessionDuration>17</SessionDuration><Timestamp>2024-05-26T17:30</Timestamp><Symbols>BAR,BAR,WILD</Symbols><SessionID>S10185</SessionID></Session><Session><CustomerID>CUST_1186</CustomerID><MachineID>1</MachineID><RTP>87.61</RTP><GameType>Video</GameType><BetAmount>55.48</BetAmount><WinAmount>134.69</WinAmount><SessionDuration>24</SessionDuration><Timestamp>2024-05-03T08:38</Timestamp><Symbols>CHERRY,BAR,CHERRY</Symbols><SessionID>S10186</SessionID></Session><Session><CustomerID>CUST_1187</CustomerID><MachineID>23</MachineID><RTP>90.66</RTP><GameType>Video</GameType><BetAmount>59.77</BetAmount><WinAmount>110.89</WinAmount><SessionDuration>23</SessionDuration><Timestamp>2024-05-15T15:48</Timestamp><Symbols>BAR,WILD,CHERRY</Symbols><SessionID>S10187</SessionID></Session><Session><CustomerID>CUST_1188</CustomerID><MachineID>34</MachineID><RTP>85.63</RTP><GameType>Video</GameType><BetAmount>87.29</BetAmount><WinAmount>95.78</WinAmount><SessionDuration>10</SessionDuration><Timestamp>2024-05-12T20:19</Timestamp><Symbols>CHERRY,7,7</Symbols><SessionID>S10188</SessionID></Session><Session><CustomerID>CUST_1189</CustomerID><MachineID>16</MachineID><RTP>86.57</RTP><GameType>Classic</GameType><BetAmount>51.55</BetAmount><WinAmount>47.52</WinAmount><SessionDuration>17</SessionDuration><Timestamp>2024-05-19T22:37</Timestamp><Symbols>CHERRY,7,BAR</Symbols><SessionID>S10189</SessionID></Session><Session><CustomerID>CUST_1190</CustomerID><MachineID>23</MachineID><RTP>94.44</RTP><GameType>Video</GameType><BetAmount>49.91</BetAmount><WinAmount>66.58</WinAmount><SessionDuration>27</SessionDuration><Timestamp>2024-05-15T03:20</Timestamp><Symbols>CHERRY,BAR,WILD</Symbols><SessionID>S10190</SessionID></Session><Session><CustomerID>CUST_1191</CustomerID><MachineID>5</MachineID><RTP>93.26</RTP><GameType>Progressive</GameType><BetAmount>41.97</BetAmount><WinAmount>78.27</WinAmount><SessionDuration>20</SessionDuration><Timestamp>2024-05-28T18:41</Timestamp><Symbols>WILD,CHERRY,7</Symbols><SessionID>S10191</SessionID></Session><Session><CustomerID>CUST_1192</CustomerID><MachineID>37</MachineID><RTP>93.34</RTP><GameType>Classic</GameType><BetAmount>70.13</BetAmount><WinAmount>58.47</WinAmount><SessionDuration>23</SessionDuration><Timestamp>2024-05-25T07:47</Timestamp><Symbols>CHERRY,BAR,7</Symbols><SessionID>S10192</SessionID></Session><Session><CustomerID>CUST_1193</CustomerID><MachineID>29</MachineID><RTP>91.59</RTP><GameType>Video</GameType><BetAmount>91.24</BetAmount><WinAmount>136.82</WinAmount><SessionDuration>15</SessionDuration><Timestamp>2024-05-06T17:37</Timestamp><Symbols>CHERRY,WILD,BAR</Symbols><SessionID>S10193</SessionID></Session><Session><CustomerID>CUST_1194</CustomerID><MachineID>4</MachineID><RTP>90.81</RTP><GameType>Video</GameType><BetAmount>73.28</BetAmount><WinAmount>35.03</WinAmount><SessionDuration>12</SessionDuration><Timestamp>2024-05-05T09:57</Timestamp><Symbols>BAR,WILD,BAR</Symbols><SessionID>S10194</SessionID></Session><Session><CustomerID>CUST_1195</CustomerID><MachineID>50</MachineID><RTP>86.06</RTP><GameType>Progressive</GameType><BetAmount>88.04</BetAmount><WinAmount>61.11</WinAmount><SessionDuration>28</SessionDuration><Timestamp>2024-05-23T17:03</Timestamp><Symbols>BAR,BAR,WILD</Symbols><SessionID>S10195</SessionID></Session><Session><CustomerID>CUST_1196</CustomerID><MachineID>34</MachineID><RTP>89.49</RTP><GameType>Classic</GameType><BetAmount>57.35</BetAmount><WinAmount>20.55</WinAmount><SessionDuration>18</SessionDuration><Timestamp>2024-05-24T02:17</Timestamp><Symbols>7,BAR,WILD</Symbols><SessionID>S10196</SessionID></Session><Session><CustomerID>CUST_1197</CustomerID><MachineID>15</MachineID><RTP>90.46</RTP><GameType>Video</GameType><BetAmount>79.97</BetAmount><WinAmount>80.85</WinAmount><SessionDuration>20</SessionDuration><Timestamp>2024-05-26T22:15</Timestamp><Symbols>CHERRY,BAR,CHERRY</Symbols><SessionID>S10197</SessionID></Session><Session><CustomerID>CUST_1198</CustomerID><MachineID>26</MachineID><RTP>91.14</RTP><GameType>Progressive</GameType><BetAmount>89.01</BetAmount><WinAmount>100.13</WinAmount><SessionDuration>16</SessionDuration><Timestamp>2024-05-02T16:21</Timestamp><Symbols>CHERRY,WILD,7</Symbols><SessionID>S10198</SessionID></Session><Session><CustomerID>CUST_1199</CustomerID><MachineID>33</MachineID><RTP>92.78</RTP><GameType>Video</GameType><BetAmount>85.42</BetAmount><WinAmount>87.36</WinAmount><SessionDuration>19</SessionDuration><Timestamp>2024-05-08T15:44</Timestamp><Symbols>7,7,CHERRY</Symbols><SessionID>S10199</SessionID></Session></SlotLog>